{"stats":{"minecraft:mined":{"minecraft:red_bed":1,"minecraft:oak_log":5,"minecraft:dead_bush":1,"minecraft:cobweb":22,"minecraft:oak_planks":2,"minecraft:moss_block":1,"minecraft:green_bed":1},"minecraft:custom":{"minecraft:time_since_rest":1785,"minecraft:sprint_one_cm":62568,"minecraft:damage_taken":121,"minecraft:walk_one_cm":149049,"minecraft:mob_kills":1,"minecraft:drop":9,"minecraft:damage_dealt":60,"minecraft:fly_one_cm":116199,"minecraft:open_barrel":10,"minecraft:crouch_one_cm":1415,"minecraft:play_time":36698,"minecraft:sneak_time":761,"minecraft:jump":585,"minecraft:leave_game":1,"minecraft:time_since_death":36698,"minecraft:total_world_time":36698,"minecraft:sleep_in_bed":2,"minecraft:climb_one_cm":4650,"minecraft:fall_one_cm":15225},"minecraft:picked_up":{"minecraft:crafting_table":2,"minecraft:stick":1,"minecraft:iron_chestplate":1,"minecraft:chainmail_boots":1,"minecraft:cooked_beef":8,"minecraft:leather_leggings":2,"minecraft:green_bed":2,"minecraft:oak_log":4,"minecraft:string":20,"minecraft:leather_helmet":1,"minecraft:red_bed":1,"minecraft:wooden_sword":1,"minecraft:leather_boots":2,"minecraft:chainmail_leggings":1,"minecraft:brick_stairs":1,"minecraft:moss_block":1,"minecraft:oak_planks":2,"minecraft:white_wool":3},"minecraft:crafted":{"minecraft:oak_planks":16,"minecraft:white_wool":3},"minecraft:dropped":{"minecraft:crafting_table":1,"minecraft:leather_boots":2,"minecraft:leather_leggings":2,"minecraft:string":3,"minecraft:white_wool":6,"minecraft:stick":1},"minecraft:used":{"minecraft:moss_block":1,"minecraft:leather_leggings":1,"moguns:benelli":35,"minecraft:oak_planks":11,"minecraft:leather_helmet":1,"minecraft:green_bed":1,"minecraft:leather_boots":1,"minecraft:iron_chestplate":1,"minecraft:wooden_sword":22,"minecraft:red_bed":1,"minecraft:cooked_beef":2},"minecraft:killed":{"creation:creation":1}},"DataVersion":3120}