{"stats":{"minecraft:mined":{"minecraft:white_bed":1,"minecraft:glass_pane":2,"regions_unexplored:larch_planks":2,"minecraft:crafting_table":1,"regions_unexplored:peat_grass_block":1,"minecraft:campfire":1,"minecraft:light_gray_bed":1,"minecraft:sugar_cane":1,"minecraft:spruce_stairs":3,"minecraft:birch_planks":2,"minecraft:magma_block":2,"minecraft:furnace":2,"minecraft:birch_log":10,"minecraft:sweet_berry_bush":1,"minecraft:stripped_spruce_log":1,"minecraft:coal_ore":2,"regions_unexplored:peat_dirt":7,"minecraft:dirt":7,"regions_unexplored:medium_grass":2,"regions_unexplored:larch_log":58,"minecraft:stone":61,"regions_unexplored:larch_shrub":1},"minecraft:killed_by":{"minecraft:creeper":1,"last_of_us:stalker":1},"minecraft:broken":{"minecraft:wooden_axe":1},"minecraft:custom":{"minecraft:interact_with_furnace":9,"minecraft:interact_with_crafting_table":18,"minecraft:open_barrel":3,"minecraft:leave_game":2,"minecraft:time_since_death":10368,"minecraft:sleep_in_bed":5,"minecraft:climb_one_cm":14108,"minecraft:time_since_rest":10524,"minecraft:sprint_one_cm":30518,"minecraft:damage_taken":988,"minecraft:walk_one_cm":96270,"minecraft:drop":2,"minecraft:damage_dealt":150,"minecraft:swim_one_cm":17625,"minecraft:talked_to_villager":2,"minecraft:fly_one_cm":69383,"minecraft:open_chest":7,"minecraft:crouch_one_cm":5195,"minecraft:play_time":40558,"minecraft:deaths":3,"minecraft:sneak_time":3513,"minecraft:walk_under_water_one_cm":5207,"minecraft:jump":389,"minecraft:walk_on_water_one_cm":3100,"minecraft:total_world_time":40558,"minecraft:fall_one_cm":8936},"minecraft:crafted":{"minecraft:crafting_table":3,"minecraft:wooden_pickaxe":1,"minecraft:furnace":1,"regions_unexplored:larch_planks":76,"minecraft:birch_planks":24,"minecraft:campfire":7,"minecraft:stone_axe":1,"minecraft:air":0,"minecraft:charcoal":1,"minecraft:stick":36,"minecraft:stone_pickaxe":1,"minecraft:wooden_axe":1},"minecraft:picked_up":{"minecraft:birch_log":10,"regions_unexplored:peat_dirt":7,"minecraft:charcoal":12,"minecraft:magma_block":1,"minecraft:crafting_table":1,"minecraft:chainmail_boots":1,"regions_unexplored:larch_planks":1,"minecraft:birch_planks":2,"minecraft:chainmail_chestplate":1,"minecraft:dirt":7,"regions_unexplored:larch_log":57,"regions_unexplored:larch_shrub":2,"minecraft:sugar_cane":4,"minecraft:furnace":2,"minecraft:stick":8,"minecraft:sweet_berries":2,"minecraft:spruce_stairs":1,"minecraft:stripped_spruce_log":2,"minecraft:white_bed":1,"minecraft:leather_helmet":1,"minecraft:light_gray_bed":3,"minecraft:chainmail_leggings":1,"minecraft:coal":49,"regions_unexplored:golden_larch_sapling":6,"minecraft:cobblestone":60},"minecraft:used":{"minecraft:birch_planks":4,"minecraft:stone_pickaxe":26,"minecraft:wooden_pickaxe":49,"minecraft:dirt":1,"minecraft:crafting_table":4,"regions_unexplored:larch_shrub":2,"minecraft:campfire":5,"minecraft:white_bed":1,"minecraft:stripped_spruce_log":1,"minecraft:wooden_axe":61,"minecraft:magma_block":1,"regions_unexplored:larch_planks":28,"minecraft:furnace":3,"alexsmobs:animal_dictionary":1,"minecraft:light_gray_bed":2},"minecraft:dropped":{"minecraft:stripped_spruce_log":1,"regions_unexplored:peat_dirt":2}},"DataVersion":3120}