{"stats":{"minecraft:mined":{"minecraft:tuff":3,"minecraft:white_bed":1,"minecraft:deepslate_diamond_ore":2,"regions_unexplored:magnolia_log":1,"regions_unexplored:larch_planks":2,"minecraft:grass_block":3,"minecraft:light_gray_bed":1,"regions_unexplored:raw_redstone_block":1,"minecraft:oak_wall_sign":1,"regions_unexplored:blue_bioshroom_block":8,"minecraft:magma_block":2,"minecraft:furnace":4,"minecraft:iron_ore":1,"minecraft:cobbled_deepslate":5,"minecraft:stripped_spruce_log":1,"minecraft:andesite":1,"regions_unexplored:larch_leaves":1,"minecraft:iron_bars":1,"minecraft:lantern":1,"regions_unexplored:medium_grass":3,"regions_unexplored:larch_log":58,"minecraft:stone":157,"minecraft:bone_block":2,"regions_unexplored:redstone_bulb":3,"minecraft:deepslate_redstone_ore":1,"minecraft:glass_pane":2,"ecologics:thin_ice":1,"minecraft:crafting_table":1,"regions_unexplored:peat_grass_block":1,"regions_unexplored:peat_mud":6,"minecraft:campfire":2,"regions_unexplored:blackwood_log":1,"minecraft:cobblestone":7,"minecraft:sugar_cane":1,"minecraft:wall_torch":5,"minecraft:spruce_stairs":3,"minecraft:birch_planks":2,"minecraft:birch_log":10,"minecraft:redstone_torch":1,"minecraft:sweet_berry_bush":1,"minecraft:ice":1,"minecraft:white_carpet":1,"minecraft:spruce_log":1,"minecraft:coal_ore":4,"regions_unexplored:peat_dirt":7,"minecraft:dirt":7,"graveyard:wither_torso_pile":1,"minecraft:stone_bricks":4,"minecraft:oak_leaves":2,"minecraft:deepslate":9,"regions_unexplored:larch_shrub":1},"minecraft:killed_by":{"minecraft:creeper":1,"goatman:goatman":1,"creation:creation":1,"last_of_us:runner":2,"last_of_us:stalker":2},"minecraft:custom":{"minecraft:mob_kills":1,"minecraft:interact_with_crafting_table":20,"minecraft:open_barrel":3,"minecraft:leave_game":3,"minecraft:time_since_death":6608,"minecraft:climb_one_cm":15880,"minecraft:sprint_one_cm":107064,"minecraft:walk_one_cm":231198,"minecraft:drop":14,"minecraft:talked_to_villager":31,"minecraft:play_time":100435,"minecraft:deaths":11,"minecraft:walk_under_water_one_cm":26959,"minecraft:sneak_time":12303,"minecraft:jump":1535,"minecraft:interact_with_brewingstand":2,"minecraft:walk_on_water_one_cm":16252,"minecraft:total_world_time":100435,"minecraft:interact_with_furnace":24,"minecraft:sleep_in_bed":5,"minecraft:time_since_rest":6639,"minecraft:damage_taken":2747,"minecraft:damage_dealt":695,"minecraft:swim_one_cm":96618,"minecraft:fly_one_cm":278256,"minecraft:open_chest":14,"minecraft:crouch_one_cm":22593,"minecraft:fall_one_cm":37852},"minecraft:broken":{"minecraft:leather_helmet":1,"minecraft:wooden_axe":1},"minecraft:crafted":{"regions_unexplored:blackwood_planks":4,"minecraft:furnace":1,"regions_unexplored:larch_planks":76,"minecraft:stone_pickaxe":1,"graveyard:hanged_wither_skeleton":1,"minecraft:crafting_table":4,"minecraft:wooden_pickaxe":1,"minecraft:birch_planks":24,"minecraft:campfire":7,"minecraft:stone_axe":1,"minecraft:air":0,"graveyard:wither_torso_pile":1,"minecraft:charcoal":1,"minecraft:stick":36,"minecraft:iron_ingot":5,"minecraft:wooden_axe":1,"minecraft:torch":4},"minecraft:picked_up":{"minecraft:charcoal":14,"minecraft:crafting_table":1,"minecraft:chainmail_boots":1,"regions_unexplored:larch_planks":1,"minecraft:white_carpet":1,"minecraft:oak_sign":1,"minecraft:cobbled_deepslate":9,"regions_unexplored:larch_log":57,"minecraft:redstone_torch":1,"minecraft:iron_pickaxe":1,"minecraft:sugar_cane":4,"regions_unexplored:blackwood_log":1,"minecraft:furnace":5,"minecraft:stick":8,"minecraft:raw_iron":5,"minecraft:torch":18,"minecraft:spruce_stairs":1,"regions_unexplored:raw_redstone_block":1,"minecraft:diorite":1,"regions_unexplored:peat_mud":6,"minecraft:redstone":47,"minecraft:light_gray_bed":3,"minecraft:rotten_flesh":1,"regions_unexplored:redstone_bulb":4,"minecraft:tropical_fish":1,"minecraft:iron_bars":1,"regions_unexplored:golden_larch_sapling":6,"minecraft:bone_block":2,"minecraft:cobblestone":162,"minecraft:birch_log":10,"regions_unexplored:peat_dirt":7,"minecraft:magma_block":2,"minecraft:andesite":2,"minecraft:birch_planks":2,"minecraft:tuff":2,"minecraft:chainmail_chestplate":1,"minecraft:gunpowder":4,"minecraft:dirt":7,"minecraft:lantern":1,"minecraft:bone":9,"minecraft:stone_bricks":4,"minecraft:stone_pickaxe":3,"regions_unexplored:larch_shrub":2,"minecraft:sweet_berries":2,"regions_unexplored:blue_bioshroom_block":10,"minecraft:stripped_spruce_log":2,"minecraft:white_bed":1,"minecraft:spruce_log":1,"minecraft:leather_helmet":1,"minecraft:diamond":3,"minecraft:chainmail_leggings":1,"minecraft:coal":89,"minecraft:diamond_pickaxe":1},"minecraft:used":{"minecraft:torch":3,"minecraft:dirt":1,"regions_unexplored:larch_shrub":2,"minecraft:tuff":2,"graveyard:hanged_wither_skeleton":1,"minecraft:stripped_spruce_log":1,"minecraft:wooden_axe":61,"minecraft:lantern":1,"minecraft:magma_block":1,"regions_unexplored:larch_planks":35,"minecraft:furnace":3,"minecraft:light_gray_bed":2,"graveyard:wither_torso_pile":1,"minecraft:diorite":1,"minecraft:birch_planks":4,"minecraft:stone_pickaxe":94,"minecraft:wooden_pickaxe":49,"minecraft:crafting_table":5,"minecraft:campfire":7,"minecraft:white_bed":1,"minecraft:diamond_pickaxe":45,"minecraft:iron_pickaxe":33,"regions_unexplored:blackwood_planks":4,"minecraft:stone_axe":11,"minecraft:cobblestone":101,"minecraft:andesite":2,"alexsmobs:animal_dictionary":1},"minecraft:dropped":{"minecraft:stripped_spruce_log":1,"minecraft:spruce_stairs":1,"minecraft:dirt":6,"regions_unexplored:golden_larch_sapling":6,"minecraft:sweet_berries":2,"minecraft:oak_sign":1,"regions_unexplored:peat_dirt":7,"minecraft:gunpowder":4,"minecraft:stone_pickaxe":3,"minecraft:wooden_pickaxe":1}},"DataVersion":3120}