{"stats":{"minecraft:mined":{"minecraft:deepslate_redstone_ore":1,"minecraft:tuff":3,"minecraft:white_bed":1,"minecraft:glass_pane":2,"minecraft:deepslate_diamond_ore":2,"ecologics:thin_ice":1,"minecraft:crafting_table":1,"regions_unexplored:larch_planks":2,"minecraft:grass_block":3,"regions_unexplored:peat_grass_block":1,"minecraft:light_gray_bed":1,"minecraft:campfire":2,"minecraft:cobblestone":7,"minecraft:sugar_cane":1,"regions_unexplored:raw_redstone_block":1,"minecraft:oak_wall_sign":1,"minecraft:wall_torch":4,"minecraft:spruce_stairs":3,"minecraft:birch_planks":2,"minecraft:magma_block":2,"minecraft:furnace":4,"minecraft:cobbled_deepslate":5,"minecraft:redstone_torch":1,"minecraft:birch_log":10,"minecraft:iron_ore":1,"minecraft:sweet_berry_bush":1,"minecraft:ice":1,"minecraft:spruce_log":1,"minecraft:white_carpet":1,"minecraft:andesite":1,"minecraft:stripped_spruce_log":1,"minecraft:coal_ore":2,"minecraft:iron_bars":1,"regions_unexplored:peat_dirt":7,"minecraft:dirt":7,"regions_unexplored:medium_grass":2,"regions_unexplored:larch_log":58,"minecraft:stone_bricks":3,"minecraft:stone":135,"minecraft:oak_leaves":2,"minecraft:deepslate":9,"regions_unexplored:redstone_bulb":3,"regions_unexplored:larch_shrub":1},"minecraft:killed_by":{"last_of_us:runner":2,"minecraft:creeper":1,"goatman:goatman":1,"creation:creation":1,"last_of_us:stalker":1},"minecraft:custom":{"minecraft:interact_with_furnace":24,"minecraft:mob_kills":1,"minecraft:interact_with_crafting_table":20,"minecraft:open_barrel":3,"minecraft:leave_game":3,"minecraft:time_since_death":2668,"minecraft:sleep_in_bed":5,"minecraft:climb_one_cm":15880,"minecraft:time_since_rest":2707,"minecraft:sprint_one_cm":85599,"minecraft:walk_one_cm":212140,"minecraft:damage_taken":2242,"minecraft:drop":14,"minecraft:damage_dealt":695,"minecraft:swim_one_cm":63170,"minecraft:talked_to_villager":31,"minecraft:fly_one_cm":225360,"minecraft:open_chest":10,"minecraft:crouch_one_cm":22468,"minecraft:play_time":88435,"minecraft:deaths":9,"minecraft:sneak_time":11632,"minecraft:walk_under_water_one_cm":14717,"minecraft:jump":1279,"minecraft:interact_with_brewingstand":2,"minecraft:walk_on_water_one_cm":9989,"minecraft:total_world_time":88435,"minecraft:fall_one_cm":31912},"minecraft:broken":{"minecraft:leather_helmet":1,"minecraft:wooden_axe":1},"minecraft:crafted":{"minecraft:crafting_table":4,"minecraft:wooden_pickaxe":1,"minecraft:furnace":1,"regions_unexplored:larch_planks":76,"minecraft:birch_planks":24,"minecraft:campfire":7,"minecraft:stone_axe":1,"minecraft:air":0,"minecraft:charcoal":1,"minecraft:stick":36,"minecraft:iron_ingot":5,"minecraft:stone_pickaxe":1,"minecraft:wooden_axe":1,"minecraft:torch":4},"minecraft:picked_up":{"minecraft:birch_log":10,"minecraft:magma_block":1,"minecraft:charcoal":14,"regions_unexplored:peat_dirt":7,"minecraft:crafting_table":1,"minecraft:chainmail_boots":1,"regions_unexplored:larch_planks":1,"minecraft:andesite":2,"minecraft:birch_planks":2,"minecraft:tuff":2,"minecraft:chainmail_chestplate":1,"minecraft:gunpowder":4,"minecraft:dirt":7,"minecraft:white_carpet":1,"minecraft:oak_sign":1,"minecraft:stone_bricks":3,"minecraft:cobbled_deepslate":9,"minecraft:redstone_torch":1,"minecraft:stone_pickaxe":3,"regions_unexplored:larch_log":57,"regions_unexplored:larch_shrub":2,"minecraft:iron_pickaxe":1,"minecraft:sugar_cane":4,"minecraft:furnace":5,"minecraft:stick":8,"minecraft:raw_iron":5,"minecraft:sweet_berries":2,"minecraft:torch":4,"minecraft:spruce_stairs":1,"minecraft:diorite":1,"minecraft:stripped_spruce_log":2,"minecraft:spruce_log":1,"regions_unexplored:raw_redstone_block":1,"minecraft:white_bed":1,"minecraft:redstone":47,"minecraft:leather_helmet":1,"minecraft:light_gray_bed":3,"regions_unexplored:redstone_bulb":4,"minecraft:diamond":3,"minecraft:chainmail_leggings":1,"minecraft:iron_bars":1,"minecraft:cobblestone":140,"minecraft:coal":72,"regions_unexplored:golden_larch_sapling":6,"minecraft:diamond_pickaxe":1},"minecraft:dropped":{"minecraft:stripped_spruce_log":1,"minecraft:sweet_berries":2,"minecraft:oak_sign":1,"minecraft:spruce_stairs":1,"minecraft:dirt":6,"regions_unexplored:peat_dirt":7,"minecraft:gunpowder":4,"regions_unexplored:golden_larch_sapling":6,"minecraft:stone_pickaxe":3,"minecraft:wooden_pickaxe":1},"minecraft:used":{"minecraft:diorite":1,"minecraft:birch_planks":4,"minecraft:stone_pickaxe":94,"minecraft:wooden_pickaxe":49,"minecraft:torch":3,"minecraft:dirt":1,"minecraft:crafting_table":5,"regions_unexplored:larch_shrub":2,"minecraft:white_bed":1,"minecraft:campfire":7,"minecraft:tuff":2,"minecraft:stripped_spruce_log":1,"minecraft:wooden_axe":61,"minecraft:diamond_pickaxe":19,"minecraft:iron_pickaxe":30,"minecraft:stone_axe":11,"minecraft:magma_block":1,"minecraft:cobblestone":101,"regions_unexplored:larch_planks":28,"minecraft:furnace":3,"minecraft:andesite":2,"alexsmobs:animal_dictionary":1,"minecraft:light_gray_bed":2}},"DataVersion":3120}