{"stats":{"minecraft:mined":{"minecraft:tuff":3,"minecraft:spruce_planks":2,"minecraft:white_bed":1,"minecraft:deepslate_diamond_ore":2,"regions_unexplored:magnolia_log":1,"regions_unexplored:larch_planks":2,"minecraft:grass_block":3,"minecraft:light_gray_bed":1,"minecraft:spruce_leaves":1,"regions_unexplored:raw_redstone_block":1,"minecraft:oak_wall_sign":1,"regions_unexplored:blue_bioshroom_block":8,"minecraft:magma_block":2,"minecraft:furnace":4,"minecraft:iron_ore":1,"minecraft:cobbled_deepslate":5,"regions_unexplored:mossy_stone":3,"minecraft:andesite":1,"minecraft:stripped_spruce_log":1,"regions_unexplored:larch_leaves":1,"minecraft:iron_bars":1,"minecraft:lantern":3,"regions_unexplored:medium_grass":7,"regions_unexplored:larch_log":58,"minecraft:stone":157,"minecraft:bone_block":2,"regions_unexplored:redstone_bulb":3,"minecraft:deepslate_redstone_ore":1,"minecraft:glass_pane":6,"ecologics:thin_ice":1,"minecraft:crafting_table":1,"regions_unexplored:peat_grass_block":1,"regions_unexplored:peat_mud":6,"minecraft:campfire":2,"regions_unexplored:blackwood_log":1,"minecraft:tall_grass":4,"minecraft:cobblestone":12,"minecraft:sugar_cane":1,"minecraft:wall_torch":5,"minecraft:spruce_stairs":3,"minecraft:birch_planks":2,"minecraft:birch_log":10,"minecraft:redstone_torch":1,"minecraft:sweet_berry_bush":1,"minecraft:ice":1,"minecraft:white_carpet":1,"minecraft:spruce_log":1,"minecraft:grass":1,"minecraft:coal_ore":4,"regions_unexplored:peat_dirt":7,"minecraft:dirt":7,"graveyard:wither_torso_pile":1,"minecraft:stone_bricks":4,"minecraft:oak_leaves":2,"minecraft:deepslate":9,"minecraft:fern":2,"regions_unexplored:larch_shrub":1},"minecraft:killed_by":{"endofherobrine:cow":1,"minecraft:player":2,"minecraft:creeper":1,"goatman:goatman":1,"creation:creation":2,"last_of_us:runner":3,"last_of_us:stalker":3},"minecraft:custom":{"minecraft:mob_kills":14,"minecraft:interact_with_crafting_table":22,"minecraft:open_barrel":8,"minecraft:leave_game":7,"minecraft:time_since_death":10187,"minecraft:climb_one_cm":15880,"minecraft:sprint_one_cm":182334,"minecraft:walk_one_cm":342477,"minecraft:drop":25,"minecraft:talked_to_villager":65,"minecraft:play_time":135403,"minecraft:deaths":18,"minecraft:sneak_time":12402,"minecraft:walk_under_water_one_cm":31835,"minecraft:jump":2260,"minecraft:interact_with_brewingstand":2,"minecraft:walk_on_water_one_cm":21689,"minecraft:total_world_time":135403,"minecraft:interact_with_furnace":24,"minecraft:sleep_in_bed":9,"minecraft:time_since_rest":8426,"minecraft:damage_taken":4045,"minecraft:damage_dealt":1235,"minecraft:swim_one_cm":119920,"minecraft:fly_one_cm":454458,"minecraft:player_kills":2,"minecraft:open_chest":21,"minecraft:crouch_one_cm":22602,"minecraft:fall_one_cm":55435},"minecraft:broken":{"minecraft:leather_helmet":1,"minecraft:wooden_axe":1},"minecraft:crafted":{"minecraft:black_dye":12,"regions_unexplored:blackwood_planks":4,"minecraft:furnace":1,"regions_unexplored:larch_planks":76,"minecraft:stone_pickaxe":1,"minecraft:chest":1,"graveyard:hanged_wither_skeleton":1,"minecraft:crafting_table":4,"minecraft:wooden_pickaxe":1,"minecraft:birch_planks":24,"minecraft:campfire":7,"minecraft:stone_axe":1,"minecraft:air":0,"graveyard:wither_torso_pile":1,"minecraft:charcoal":1,"minecraft:stick":36,"minecraft:iron_ingot":5,"minecraft:wooden_axe":1,"minecraft:torch":4},"minecraft:killed":{"last_of_us:runner":4,"minecraft:iron_golem":1,"last_of_us:crawler":2,"minecraft:squid":6},"minecraft:picked_up":{"minecraft:charcoal":14,"minecraft:crafting_table":1,"cgm:basic_bullet":6,"minecraft:chainmail_boots":1,"regions_unexplored:larch_planks":7,"minecraft:string":4,"moguns:trumpet":2,"minecraft:white_carpet":1,"minecraft:oak_sign":1,"minecraft:cobbled_deepslate":9,"minecraft:spruce_planks":2,"cgm:mini_gun":1,"regions_unexplored:larch_log":57,"minecraft:redstone_torch":1,"minecraft:iron_pickaxe":1,"minecraft:sugar_cane":4,"regions_unexplored:blackwood_log":1,"minecraft:furnace":5,"minecraft:stick":8,"minecraft:raw_iron":5,"minecraft:torch":19,"minecraft:spruce_stairs":1,"minecraft:diorite":1,"regions_unexplored:raw_redstone_block":1,"regions_unexplored:peat_mud":6,"minecraft:redstone":47,"minecraft:light_gray_bed":3,"minecraft:rotten_flesh":2,"regions_unexplored:redstone_bulb":4,"minecraft:tropical_fish":1,"minecraft:iron_bars":1,"regions_unexplored:golden_larch_sapling":6,"minecraft:bone_block":2,"minecraft:cobblestone":167,"minecraft:birch_log":10,"regions_unexplored:peat_dirt":7,"minecraft:magma_block":2,"minecraft:andesite":2,"minecraft:leather":2,"minecraft:birch_planks":2,"minecraft:tuff":2,"minecraft:chainmail_chestplate":1,"minecraft:gunpowder":4,"minecraft:blue_bed":3,"minecraft:dirt":7,"minecraft:lantern":3,"moguns:glock17":1,"minecraft:bone":9,"minecraft:stone_bricks":4,"minecraft:stone_pickaxe":3,"minecraft:iron_ingot":5,"regions_unexplored:larch_shrub":2,"minecraft:fletching_table":1,"minecraft:sweet_berries":2,"regions_unexplored:blue_bioshroom_block":10,"minecraft:stripped_spruce_log":2,"minecraft:spruce_sapling":1,"minecraft:ink_sac":12,"minecraft:white_bed":1,"minecraft:spruce_log":1,"minecraft:leather_helmet":1,"minecraft:mossy_cobblestone":3,"minecraft:diamond":3,"minecraft:chainmail_leggings":1,"minecraft:coal":89,"moguns:9x19":64,"minecraft:diamond_pickaxe":1},"minecraft:used":{"minecraft:chest":1,"minecraft:torch":3,"minecraft:dirt":1,"moguns:glock17":25,"regions_unexplored:larch_shrub":2,"minecraft:tuff":2,"graveyard:hanged_wither_skeleton":1,"minecraft:stripped_spruce_log":1,"minecraft:wooden_axe":61,"minecraft:lantern":3,"minecraft:magma_block":1,"regions_unexplored:larch_planks":45,"minecraft:furnace":3,"minecraft:cooked_beef":2,"minecraft:light_gray_bed":2,"graveyard:wither_torso_pile":1,"minecraft:diorite":1,"minecraft:birch_planks":4,"minecraft:stone_pickaxe":94,"minecraft:wooden_pickaxe":49,"minecraft:fletching_table":1,"minecraft:blue_bed":3,"minecraft:crafting_table":5,"minecraft:white_bed":1,"minecraft:campfire":7,"minecraft:diamond_pickaxe":59,"minecraft:string":2,"minecraft:iron_pickaxe":33,"regions_unexplored:blackwood_planks":4,"minecraft:stone_axe":22,"minecraft:cobblestone":104,"minecraft:andesite":2,"alexsmobs:animal_dictionary":1,"cgm:mini_gun":100},"minecraft:dropped":{"minecraft:stripped_spruce_log":1,"moguns:trumpet":2,"cgm:mini_gun":1,"minecraft:spruce_stairs":1,"minecraft:emerald":4,"minecraft:cobweb":31,"minecraft:dirt":6,"regions_unexplored:golden_larch_sapling":6,"regions_unexplored:redstone_bulb":4,"regions_unexplored:raw_redstone_block":1,"minecraft:sweet_berries":2,"minecraft:cobbled_deepslate":9,"regions_unexplored:peat_mud":6,"minecraft:white_carpet":1,"minecraft:oak_sign":1,"regions_unexplored:peat_dirt":7,"minecraft:gunpowder":4,"minecraft:iron_bars":1,"minecraft:wooden_pickaxe":1,"minecraft:stone_pickaxe":3}},"DataVersion":3120}