{"stats":{"minecraft:mined":{"minecraft:dead_bush":1,"minecraft:red_bed":1,"minecraft:moss_block":1},"minecraft:custom":{"minecraft:open_barrel":6,"minecraft:time_since_rest":4570,"minecraft:crouch_one_cm":374,"minecraft:sprint_one_cm":42474,"minecraft:play_time":24698,"minecraft:damage_taken":120,"minecraft:walk_one_cm":107592,"minecraft:sneak_time":180,"minecraft:mob_kills":1,"minecraft:drop":5,"minecraft:jump":420,"minecraft:damage_dealt":60,"minecraft:leave_game":1,"minecraft:time_since_death":24698,"minecraft:climb_one_cm":4344,"minecraft:sleep_in_bed":1,"minecraft:total_world_time":24698,"minecraft:fall_one_cm":10658,"minecraft:fly_one_cm":68687},"minecraft:picked_up":{"minecraft:iron_chestplate":1,"minecraft:leather_boots":2,"minecraft:stick":1,"minecraft:cooked_beef":8,"minecraft:leather_leggings":2,"minecraft:green_bed":1,"minecraft:chainmail_leggings":1,"minecraft:moss_block":1,"minecraft:red_bed":1,"minecraft:leather_helmet":1,"minecraft:chainmail_boots":1},"minecraft:dropped":{"minecraft:leather_boots":2,"minecraft:leather_leggings":2,"minecraft:stick":1},"minecraft:used":{"minecraft:iron_chestplate":1,"minecraft:moss_block":1,"minecraft:leather_leggings":1,"minecraft:red_bed":1,"moguns:benelli":35,"minecraft:leather_helmet":1,"minecraft:cooked_beef":2,"minecraft:leather_boots":1},"minecraft:killed":{"creation:creation":1}},"DataVersion":3120}