{"stats":{"minecraft:custom":{"minecraft:interact_with_crafting_table":84,"minecraft:open_barrel":17,"minecraft:leave_game":14,"minecraft:time_since_death":3159,"minecraft:sprint_one_cm":510955,"minecraft:drop":82,"minecraft:talked_to_villager":69,"minecraft:play_time":343153,"minecraft:deaths":31,"minecraft:jump":5831,"minecraft:interact_with_brewingstand":2,"minecraft:walk_on_water_one_cm":30362,"minecraft:interact_with_furnace":128,"minecraft:sleep_in_bed":34,"minecraft:damage_dealt":3775,"minecraft:player_kills":2,"minecraft:crouch_one_cm":38778,"minecraft:mob_kills":44,"minecraft:interact_with_campfire":11,"minecraft:climb_one_cm":23846,"minecraft:walk_one_cm":1229609,"minecraft:sneak_time":16571,"minecraft:walk_under_water_one_cm":33899,"minecraft:boat_one_cm":167546,"minecraft:total_world_time":343153,"minecraft:tune_noteblock":1,"minecraft:interact_with_stonecutter":2,"minecraft:time_since_rest":2891,"minecraft:damage_taken":7011,"minecraft:swim_one_cm":127648,"minecraft:fly_one_cm":1051010,"minecraft:open_chest":107,"minecraft:fall_one_cm":156618},"minecraft:broken":{"minecraft:stone_axe":1,"minecraft:wooden_axe":1,"minecraft:leather_helmet":1},"minecraft:picked_up":{"cgm:basic_bullet":6,"minecraft:chainmail_boots":1,"regions_unexplored:larch_planks":9,"minecraft:polished_deepslate":1,"minecraft:string":6,"regions_unexplored:prismarite_cluster":18,"minecraft:raw_copper":31,"minecraft:shroomlight":14,"minecraft:oak_sign":3,"minecraft:deepslate_tiles":17,"regions_unexplored:pine_log":26,"minecraft:cobbled_deepslate":12,"minecraft:spruce_planks":6,"minecraft:redstone_torch":1,"regions_unexplored:larch_log":57,"minecraft:cobblestone_slab":2,"minecraft:iron_pickaxe":1,"regions_unexplored:blackwood_log":16,"minecraft:furnace":5,"regions_unexplored:blackwood_planks":4,"minecraft:stick":37,"minecraft:oak_fence":8,"minecraft:torch":32,"minecraft:spruce_stairs":1,"minecraft:porkchop":3,"minecraft:diorite":1,"regions_unexplored:raw_redstone_block":77,"regions_unexplored:peat_mud":6,"regions_unexplored:barley":9,"minecraft:rotten_flesh":7,"minecraft:light_gray_bed":3,"minecraft:tropical_fish":1,"minecraft:iron_bars":1,"minecraft:snowball":28,"minecraft:cobblestone":1356,"regions_unexplored:golden_larch_sapling":6,"minecraft:birch_log":10,"minecraft:magma_block":2,"minecraft:andesite":2,"alexsmobs:bison_fur":2,"minecraft:tuff":2,"minecraft:dirt":577,"minecraft:lantern":3,"minecraft:bone":9,"minecraft:wheat_seeds":12,"minecraft:fletching_table":1,"moguns:awp":1,"regions_unexplored:larch_shrub":2,"minecraft:oak_planks":8,"regions_unexplored:tall_blue_bioshroom":1,"minecraft:cooked_porkchop":3,"regions_unexplored:pine_sapling":6,"regions_unexplored:blue_bioshroom_block":10,"regions_unexplored:pine_planks":24,"minecraft:sand":171,"minecraft:stripped_spruce_log":2,"minecraft:ink_sac":17,"minecraft:fermented_spider_eye":2,"regions_unexplored:pink_lupine":12,"minecraft:mossy_cobblestone":6,"minecraft:diamond":3,"regions_unexplored:clover":495,"minecraft:emerald":1,"minecraft:oak_sapling":37,"minecraft:jack_o_lantern":1,"moguns:9x19":105,"minecraft:bricks":29,"minecraft:andesite_slab":1,"projectarsenal:r2_suppressor":1,"minecraft:diamond_pickaxe":2,"minecraft:crafting_table":3,"minecraft:charcoal":42,"minecraft:coarse_dirt":1,"minecraft:nether_wart":3,"moguns:ppsh_41":1,"aether:leather_gloves":1,"minecraft:cornflower":1,"moguns:trumpet":2,"moguns:762x39":75,"minecraft:white_carpet":1,"minecraft:glass_pane":1,"cgm:mini_gun":1,"minecraft:sugar_cane":7,"minecraft:spruce_trapdoor":1,"minecraft:raw_iron":86,"minecraft:stone":4,"regions_unexplored:blue_lupine":11,"minecraft:redstone":734,"last_of_us:rock":1,"regions_unexplored:purple_coneflower":3,"moguns:akm_custom":2,"regions_unexplored:redstone_bulb":22,"regions_unexplored:purple_lupine":12,"minecraft:mutton":9,"minecraft:white_wool":6,"minecraft:bone_block":2,"regions_unexplored:peat_dirt":7,"minecraft:leather":4,"minecraft:red_mushroom":2,"minecraft:birch_planks":2,"minecraft:chainmail_chestplate":1,"minecraft:oak_log":114,"regions_unexplored:red_lupine":1,"minecraft:gunpowder":12,"minecraft:blue_bed":10,"moguns:glock17":1,"minecraft:cooked_mutton":7,"regions_unexplored:large_prismarite_cluster":5,"minecraft:apple":3,"minecraft:stone_bricks":5,"minecraft:stone_pickaxe":3,"minecraft:iron_ingot":5,"minecraft:iron_sword":1,"minecraft:sweet_berries":2,"minecraft:pumpkin":7,"minecraft:gravel":1,"minecraft:spruce_sapling":2,"minecraft:white_bed":1,"minecraft:spruce_log":1,"minecraft:leather_helmet":1,"minecraft:pumpkin_seeds":20,"minecraft:purple_bed":3,"minecraft:slime_ball":4,"regions_unexplored:blackwood_sapling":6,"minecraft:chainmail_leggings":1,"moguns:762x25":206,"minecraft:coal":372},"minecraft:killed":{"last_of_us:bloater":1,"minecraft:pig":2,"minecraft:iron_golem":1,"last_of_us:crawler":3,"minecraft:creeper":3,"last_of_us:stalker":4,"minecraft:sheep":6,"alexsmobs:fly":1,"graveyard:nightmare":1,"last_of_us:runner":6,"minecraft:slime":4,"alexsmobs:bison":2,"minecraft:squid":6,"endofherobrine:sheep":1},"minecraft:crafted":{"minecraft:black_dye":12,"minecraft:oak_planks":156,"minecraft:cobblestone_slab":126,"regions_unexplored:larch_planks":76,"minecraft:stone":670,"minecraft:diamond_shovel":1,"minecraft:glass":171,"minecraft:chest":5,"minecraft:copper_block":3,"minecraft:crafting_table":10,"minecraft:wooden_pickaxe":1,"minecraft:copper_ingot":33,"minecraft:birch_planks":24,"minecraft:campfire":25,"minecraft:charcoal":1,"minecraft:stick":116,"minecraft:iron_ingot":69,"regions_unexplored:blackwood_planks":64,"minecraft:stone_brick_wall":9,"minecraft:furnace":6,"minecraft:glass_pane":32,"minecraft:iron_axe":1,"minecraft:ladder":6,"minecraft:stone_pickaxe":1,"graveyard:hanged_wither_skeleton":1,"minecraft:stone_axe":1,"minecraft:air":0,"graveyard:wither_torso_pile":1,"regions_unexplored:pine_planks":56,"minecraft:wooden_axe":1,"minecraft:stonecutter":1,"minecraft:torch":4},"minecraft:killed_by":{"endofherobrine:cow":1,"minecraft:creeper":1,"last_of_us:runner":6,"man:managgresive":2,"last_of_us:stalker":3,"minecraft:player":5,"goatman:goatman":1},"minecraft:dropped":{"minecraft:iron_sword":1,"moguns:ppsh_41":1,"moguns:trumpet":2,"regions_unexplored:larch_planks":2,"minecraft:red_mushroom":2,"minecraft:emerald":4,"minecraft:dirt":134,"moguns:762x25":135,"minecraft:cornflower":1,"moguns:9x19":41,"regions_unexplored:golden_larch_sapling":6,"minecraft:fermented_spider_eye":2,"regions_unexplored:redstone_bulb":4,"minecraft:gravel":1,"regions_unexplored:raw_redstone_block":1,"minecraft:cobbled_deepslate":12,"minecraft:soul_lantern":1,"minecraft:rotten_flesh":5,"minecraft:oak_planks":8,"moguns:akm_custom":1,"regions_unexplored:peat_dirt":7,"regions_unexplored:red_lupine":1,"cgm:basic_bullet":6,"minecraft:gunpowder":6,"minecraft:iron_bars":1,"moguns:awp":1,"minecraft:stripped_spruce_log":1,"minecraft:black_dye":12,"minecraft:wheat_seeds":8,"minecraft:mossy_cobblestone":3,"cgm:mini_gun":1,"minecraft:cobblestone":3,"minecraft:spruce_stairs":1,"minecraft:cobweb":31,"regions_unexplored:barley":9,"regions_unexplored:purple_lupine":5,"minecraft:chainmail_leggings":1,"minecraft:spruce_sapling":2,"minecraft:sweet_berries":2,"regions_unexplored:peat_mud":6,"minecraft:white_carpet":1,"regions_unexplored:clover":288,"regions_unexplored:pink_lupine":5,"minecraft:oak_sign":1,"minecraft:glass_pane":2,"minecraft:pumpkin_seeds":10,"minecraft:stone":1,"minecraft:spruce_trapdoor":1,"minecraft:diamond_pickaxe":1,"regions_unexplored:blackwood_sapling":1,"minecraft:oak_sapling":37,"minecraft:stone_bricks":4,"minecraft:stone_pickaxe":3,"minecraft:wooden_pickaxe":1,"regions_unexplored:blue_lupine":7},"minecraft:used":{"regions_unexplored:pine_planks":24,"minecraft:ladder":3,"minecraft:chest":5,"minecraft:stone":204,"minecraft:iron_sword":28,"moguns:glock17":64,"regions_unexplored:prismarite_cluster":5,"minecraft:tuff":2,"minecraft:snowball":28,"minecraft:stripped_spruce_log":1,"minecraft:glass":4,"minecraft:lantern":4,"minecraft:magma_block":1,"minecraft:furnace":8,"graveyard:wither_torso_pile":1,"minecraft:diorite":1,"minecraft:stone_pickaxe":94,"moguns:akm_custom":48,"minecraft:oak_planks":57,"minecraft:wooden_pickaxe":49,"minecraft:blue_bed":9,"minecraft:stone_brick_wall":18,"regions_unexplored:pine_sapling":4,"regions_unexplored:blackwood_sapling":5,"minecraft:bread":2,"minecraft:string":2,"regions_unexplored:blackwood_planks":32,"minecraft:andesite":2,"minecraft:coarse_dirt":1,"cgm:mini_gun":100,"minecraft:oak_fence":7,"minecraft:redstone":1,"minecraft:spruce_planks":6,"minecraft:torch":3,"minecraft:dirt":48,"regions_unexplored:larch_shrub":2,"graveyard:hanged_wither_skeleton":1,"minecraft:shroomlight":7,"minecraft:wooden_axe":61,"minecraft:iron_axe":217,"regions_unexplored:purple_coneflower":2,"minecraft:golden_carrot":4,"regions_unexplored:larch_planks":45,"minecraft:cooked_beef":6,"regions_unexplored:blue_lupine":1,"minecraft:light_gray_bed":2,"minecraft:cooked_mutton":6,"minecraft:birch_planks":4,"minecraft:fletching_table":1,"minecraft:stonecutter":1,"minecraft:cobblestone_slab":10,"minecraft:mossy_cobblestone":2,"minecraft:crafting_table":12,"minecraft:white_bed":1,"minecraft:campfire":25,"minecraft:oak_log":32,"minecraft:diamond_pickaxe":541,"minecraft:diamond_shovel":713,"minecraft:iron_pickaxe":33,"minecraft:stone_axe":138,"minecraft:cobblestone":225,"minecraft:purple_bed":3,"minecraft:glass_pane":31,"alexsmobs:animal_dictionary":1},"minecraft:mined":{"minecraft:spruce_planks":5,"minecraft:white_bed":1,"regions_unexplored:blue_lupine":3,"regions_unexplored:magnolia_log":1,"regions_unexplored:larch_planks":4,"minecraft:spruce_trapdoor":1,"minecraft:grass_block":323,"minecraft:light_gray_bed":1,"regions_unexplored:purple_coneflower":1,"minecraft:oak_wall_sign":1,"minecraft:nether_wart":1,"minecraft:spawner":1,"regions_unexplored:blue_bioshroom_block":8,"minecraft:magma_block":2,"minecraft:iron_ore":22,"minecraft:cobbled_deepslate":8,"minecraft:fire":12,"regions_unexplored:mossy_stone":4,"regions_unexplored:purple_lupine":5,"minecraft:pumpkin":7,"minecraft:anvil":1,"minecraft:iron_bars":1,"regions_unexplored:larch_log":58,"regions_unexplored:prismoss":2,"minecraft:deepslate_redstone_ore":1,"minecraft:powder_snow":17,"minecraft:torch":6,"regions_unexplored:peat_grass_block":1,"minecraft:mushroom_stem":2,"minecraft:cobblestone":35,"minecraft:sugar_cane":2,"minecraft:oak_planks":7,"minecraft:bricks":30,"regions_unexplored:blackwood_sapling":1,"minecraft:wall_torch":8,"regions_unexplored:pine_log":26,"regions_unexplored:sandy_tall_grass":1,"minecraft:birch_log":10,"minecraft:grass":29,"minecraft:oak_log":119,"regions_unexplored:peat_dirt":7,"minecraft:sand":180,"minecraft:dirt":198,"regions_unexplored:clover":44,"graveyard:wither_torso_pile":1,"regions_unexplored:prismoss_sprout":2,"minecraft:oak_leaves":2,"minecraft:deepslate":9,"regions_unexplored:tall_pink_bioshroom":1,"minecraft:deepslate_tiles":19,"minecraft:tuff":3,"minecraft:mossy_cobblestone":2,"minecraft:deepslate_diamond_ore":2,"regions_unexplored:pink_lupine":5,"minecraft:jack_o_lantern":1,"regions_unexplored:stone_grass_block":1,"minecraft:spruce_leaves":2,"regions_unexplored:pine_planks":24,"minecraft:moss_block":1,"regions_unexplored:large_prismarite_cluster":5,"regions_unexplored:raw_redstone_block":1,"minecraft:furnace":4,"minecraft:andesite":1,"minecraft:stripped_spruce_log":1,"regions_unexplored:larch_leaves":1,"minecraft:polished_deepslate":1,"minecraft:shroomlight":14,"minecraft:cobblestone_slab":2,"minecraft:lantern":3,"regions_unexplored:medium_grass":14,"minecraft:stone":473,"regions_unexplored:redwood_log":2,"minecraft:bone_block":2,"regions_unexplored:redstone_bulb":3,"minecraft:glass_pane":7,"regions_unexplored:blackwood_planks":4,"minecraft:snow_block":7,"regions_unexplored:pink_bioshroom":1,"minecraft:stone_brick_slab":1,"ecologics:thin_ice":1,"minecraft:oak_fence":8,"minecraft:crafting_table":3,"minecraft:emerald_ore":1,"minecraft:oak_wood":48,"minecraft:andesite_slab":2,"regions_unexplored:peat_mud":6,"minecraft:campfire":16,"regions_unexplored:blackwood_log":16,"endofherobrine:glowing_obsidian":1,"minecraft:tall_grass":25,"minecraft:copper_ore":1,"minecraft:blue_bed":4,"regions_unexplored:prismarite_cluster":18,"minecraft:spruce_stairs":3,"minecraft:birch_planks":2,"minecraft:purple_bed":3,"minecraft:coarse_dirt":1,"minecraft:redstone_torch":1,"minecraft:sweet_berry_bush":1,"minecraft:ice":1,"minecraft:white_carpet":1,"minecraft:spruce_log":1,"regions_unexplored:sandy_grass":7,"regions_unexplored:tall_blue_bioshroom":1,"minecraft:coal_ore":15,"minecraft:gravel":1,"minecraft:stone_bricks":6,"minecraft:fern":2,"regions_unexplored:larch_shrub":1}},"DataVersion":3120}