{"stats":{"minecraft:mined":{"minecraft:tall_seagrass":1,"minecraft:red_bed":1,"minecraft:grass":1,"minecraft:oak_log":5,"minecraft:dead_bush":1,"minecraft:cobweb":22,"minecraft:oak_planks":2,"minecraft:moss_block":1,"minecraft:green_bed":1},"minecraft:custom":{"minecraft:time_since_rest":9397,"minecraft:damage_taken":445,"minecraft:sprint_one_cm":83641,"minecraft:walk_one_cm":173394,"minecraft:mob_kills":2,"minecraft:drop":10,"minecraft:damage_dealt":140,"minecraft:swim_one_cm":12917,"minecraft:fly_one_cm":178248,"minecraft:open_barrel":11,"minecraft:open_chest":1,"minecraft:crouch_one_cm":1415,"minecraft:play_time":48114,"minecraft:deaths":1,"minecraft:sneak_time":806,"minecraft:walk_under_water_one_cm":3863,"minecraft:boat_one_cm":158366,"minecraft:jump":795,"minecraft:leave_game":3,"minecraft:time_since_death":9363,"minecraft:total_world_time":48114,"minecraft:walk_on_water_one_cm":5793,"minecraft:sleep_in_bed":2,"minecraft:climb_one_cm":4650,"minecraft:fall_one_cm":21253},"minecraft:picked_up":{"minecraft:crafting_table":3,"minecraft:stick":1,"minecraft:iron_chestplate":2,"minecraft:cooked_beef":8,"minecraft:chainmail_boots":2,"minecraft:leather_leggings":2,"minecraft:green_bed":2,"minecraft:oak_log":4,"minecraft:red_bed":1,"minecraft:string":25,"alexsmobs:animal_dictionary":1,"minecraft:leather_helmet":2,"minecraft:wooden_sword":2,"minecraft:leather_boots":2,"minecraft:chainmail_leggings":2,"minecraft:cobbled_deepslate_slab":2,"minecraft:brick_stairs":2,"minecraft:moss_block":1,"minecraft:oak_planks":2,"minecraft:white_wool":3},"minecraft:crafted":{"minecraft:oak_planks":16,"minecraft:white_wool":3},"minecraft:dropped":{"minecraft:crafting_table":1,"minecraft:leather_boots":2,"minecraft:leather_leggings":2,"minecraft:chainmail_leggings":1,"minecraft:string":3,"minecraft:white_wool":6,"minecraft:stick":1},"minecraft:used":{"minecraft:moss_block":1,"minecraft:leather_leggings":1,"moguns:benelli":35,"minecraft:oak_planks":11,"minecraft:leather_helmet":1,"minecraft:green_bed":1,"minecraft:leather_boots":1,"minecraft:iron_chestplate":1,"minecraft:wooden_sword":24,"minecraft:red_bed":1,"minecraft:cooked_beef":2},"minecraft:killed":{"creation:creation":1,"alexsmobs:rattlesnake":1}},"DataVersion":3120}