{"stats":{"minecraft:crafted":{"minecraft:oak_planks":16,"minecraft:white_wool":3},"minecraft:picked_up":{"minecraft:crafting_table":3,"minecraft:stick":1,"minecraft:iron_chestplate":2,"minecraft:chainmail_boots":2,"minecraft:cooked_beef":8,"minecraft:leather_leggings":3,"minecraft:copper_ingot":2,"minecraft:green_bed":2,"minecraft:porkchop":1,"minecraft:oak_log":4,"minecraft:pointed_dripstone":1,"minecraft:red_bed":1,"minecraft:string":25,"alexsmobs:animal_dictionary":1,"minecraft:leather_helmet":2,"minecraft:wooden_sword":2,"minecraft:leather_boots":2,"minecraft:wheat_seeds":1,"minecraft:chainmail_leggings":2,"minecraft:cobbled_deepslate_slab":2,"minecraft:cobweb":64,"firstaid:bandage":1,"minecraft:brick_stairs":2,"minecraft:moss_block":1,"minecraft:oak_planks":2,"minecraft:white_wool":3},"minecraft:custom":{"minecraft:time_since_rest":18772,"minecraft:damage_taken":601,"minecraft:sprint_one_cm":92605,"minecraft:walk_one_cm":206945,"minecraft:mob_kills":3,"minecraft:drop":13,"minecraft:minecart_one_cm":9802,"minecraft:damage_dealt":262,"minecraft:swim_one_cm":12917,"minecraft:fly_one_cm":267583,"minecraft:open_barrel":11,"minecraft:open_chest":1,"minecraft:crouch_one_cm":1867,"minecraft:play_time":57489,"minecraft:deaths":1,"minecraft:sneak_time":1232,"minecraft:walk_under_water_one_cm":8005,"minecraft:boat_one_cm":180316,"minecraft:jump":968,"minecraft:leave_game":5,"minecraft:time_since_death":18738,"minecraft:climb_one_cm":4650,"minecraft:walk_on_water_one_cm":10256,"minecraft:sleep_in_bed":2,"minecraft:total_world_time":57489,"minecraft:fall_one_cm":24687},"minecraft:mined":{"minecraft:tall_seagrass":1,"minecraft:red_bed":1,"minecraft:grass":3,"minecraft:oak_log":5,"minecraft:dead_bush":1,"minecraft:cobweb":22,"minecraft:oak_planks":2,"minecraft:moss_block":1,"minecraft:green_bed":1},"minecraft:dropped":{"minecraft:wheat_seeds":1,"minecraft:crafting_table":1,"minecraft:leather_boots":2,"minecraft:leather_leggings":3,"minecraft:wooden_sword":1,"minecraft:chainmail_leggings":1,"minecraft:string":3,"minecraft:white_wool":6,"minecraft:stick":1},"minecraft:used":{"minecraft:moss_block":1,"minecraft:leather_leggings":1,"moguns:benelli":35,"minecraft:brick_stairs":1,"minecraft:oak_planks":11,"minecraft:leather_helmet":1,"minecraft:green_bed":1,"minecraft:leather_boots":1,"minecraft:iron_chestplate":1,"minecraft:wooden_sword":30,"minecraft:red_bed":1,"minecraft:porkchop":1,"minecraft:minecart":1,"minecraft:cooked_beef":2},"minecraft:killed":{"creation:creation":1,"minecraft:pig":1,"alexsmobs:rattlesnake":1}},"DataVersion":3120}