{"stats":{"minecraft:mined":{"minecraft:light_gray_bed":1,"minecraft:birch_log":7,"minecraft:sugar_cane":1,"regions_unexplored:larch_shrub":1},"minecraft:killed_by":{"last_of_us:stalker":1},"minecraft:custom":{"minecraft:time_since_rest":1825,"minecraft:open_chest":5,"minecraft:crouch_one_cm":1570,"minecraft:play_time":17063,"minecraft:sprint_one_cm":7745,"minecraft:deaths":1,"minecraft:damage_taken":370,"minecraft:walk_one_cm":41172,"minecraft:sneak_time":616,"minecraft:walk_under_water_one_cm":2159,"minecraft:jump":113,"minecraft:damage_dealt":35,"minecraft:leave_game":1,"minecraft:time_since_death":1792,"minecraft:walk_on_water_one_cm":1091,"minecraft:sleep_in_bed":3,"minecraft:total_world_time":17063,"minecraft:climb_one_cm":14108,"minecraft:swim_one_cm":4495,"minecraft:fall_one_cm":4623,"minecraft:fly_one_cm":13987},"minecraft:picked_up":{"minecraft:birch_log":7,"minecraft:light_gray_bed":3,"regions_unexplored:larch_shrub":1,"minecraft:sugar_cane":4,"minecraft:cobblestone":1},"minecraft:used":{"regions_unexplored:larch_shrub":1,"alexsmobs:animal_dictionary":1,"minecraft:light_gray_bed":2}},"DataVersion":3120}