{"stats":{"minecraft:mined":{"minecraft:magma_block":2,"minecraft:white_bed":1,"minecraft:glass_pane":1,"minecraft:furnace":2,"minecraft:birch_log":10,"minecraft:sweet_berry_bush":1,"regions_unexplored:larch_planks":1,"minecraft:crafting_table":1,"regions_unexplored:peat_grass_block":1,"minecraft:coal_ore":1,"regions_unexplored:peat_dirt":7,"minecraft:campfire":1,"minecraft:light_gray_bed":1,"regions_unexplored:medium_grass":2,"regions_unexplored:larch_log":58,"minecraft:stone":9,"minecraft:sugar_cane":1,"minecraft:birch_planks":2,"minecraft:spruce_stairs":1,"regions_unexplored:larch_shrub":1},"minecraft:killed_by":{"minecraft:creeper":1,"last_of_us:stalker":1},"minecraft:broken":{"minecraft:wooden_axe":1},"minecraft:custom":{"minecraft:time_since_rest":67,"minecraft:interact_with_furnace":5,"minecraft:sprint_one_cm":15227,"minecraft:damage_taken":948,"minecraft:walk_one_cm":67364,"minecraft:drop":1,"minecraft:damage_dealt":150,"minecraft:talked_to_villager":2,"minecraft:interact_with_crafting_table":13,"minecraft:swim_one_cm":17625,"minecraft:fly_one_cm":27909,"minecraft:open_barrel":3,"minecraft:open_chest":5,"minecraft:crouch_one_cm":3586,"minecraft:play_time":30101,"minecraft:deaths":3,"minecraft:sneak_time":2658,"minecraft:walk_under_water_one_cm":5207,"minecraft:jump":209,"minecraft:total_world_time":30101,"minecraft:leave_game":2,"minecraft:walk_on_water_one_cm":3100,"minecraft:time_since_death":0,"minecraft:sleep_in_bed":5,"minecraft:climb_one_cm":14108,"minecraft:fall_one_cm":6134},"minecraft:crafted":{"minecraft:charcoal":1,"minecraft:crafting_table":3,"minecraft:stick":8,"minecraft:wooden_pickaxe":1,"minecraft:wooden_axe":1,"minecraft:furnace":1,"minecraft:campfire":4,"minecraft:birch_planks":24,"minecraft:air":0},"minecraft:picked_up":{"minecraft:chainmail_boots":1,"minecraft:birch_log":10,"minecraft:stick":8,"minecraft:charcoal":12,"regions_unexplored:peat_dirt":7,"minecraft:crafting_table":1,"minecraft:magma_block":1,"minecraft:sweet_berries":2,"minecraft:birch_planks":2,"minecraft:chainmail_chestplate":1,"minecraft:white_bed":1,"minecraft:leather_helmet":1,"minecraft:light_gray_bed":3,"minecraft:chainmail_leggings":1,"regions_unexplored:larch_log":57,"regions_unexplored:larch_shrub":2,"minecraft:sugar_cane":4,"minecraft:coal":24,"regions_unexplored:golden_larch_sapling":6,"minecraft:cobblestone":9,"minecraft:furnace":2},"minecraft:dropped":{"regions_unexplored:peat_dirt":2},"minecraft:used":{"minecraft:wooden_axe":61,"minecraft:birch_planks":2,"minecraft:wooden_pickaxe":21,"minecraft:magma_block":1,"minecraft:crafting_table":3,"minecraft:furnace":2,"regions_unexplored:larch_shrub":1,"minecraft:white_bed":1,"minecraft:campfire":1,"alexsmobs:animal_dictionary":1,"minecraft:light_gray_bed":2}},"DataVersion":3120}