{"stats":{"minecraft:mined":{"minecraft:moss_block":1,"minecraft:dead_bush":1},"minecraft:custom":{"minecraft:jump":275,"minecraft:time_since_rest":12698,"minecraft:damage_dealt":60,"minecraft:leave_game":1,"minecraft:crouch_one_cm":54,"minecraft:play_time":12698,"minecraft:sprint_one_cm":13602,"minecraft:damage_taken":70,"minecraft:time_since_death":12698,"minecraft:walk_one_cm":42392,"minecraft:sneak_time":51,"minecraft:total_world_time":12698,"minecraft:mob_kills":1,"minecraft:fall_one_cm":6900,"minecraft:drop":1,"minecraft:fly_one_cm":42847},"minecraft:picked_up":{"minecraft:stick":1,"minecraft:moss_block":1},"minecraft:dropped":{"minecraft:stick":1},"minecraft:used":{"minecraft:moss_block":1,"moguns:benelli":35},"minecraft:killed":{"creation:creation":1}},"DataVersion":3120}