{"stats":{"minecraft:custom":{"minecraft:mob_kills":39,"minecraft:interact_with_crafting_table":5,"minecraft:open_barrel":5,"minecraft:leave_game":11,"minecraft:time_since_death":1810,"minecraft:climb_one_cm":1184,"minecraft:sprint_one_cm":261082,"minecraft:walk_one_cm":637443,"minecraft:drop":53,"minecraft:talked_to_villager":6,"minecraft:play_time":198192,"minecraft:deaths":20,"minecraft:sneak_time":12438,"minecraft:walk_under_water_one_cm":2489,"minecraft:jump":1545,"minecraft:walk_on_water_one_cm":11939,"minecraft:total_world_time":198192,"minecraft:tune_noteblock":27,"minecraft:sleep_in_bed":13,"minecraft:time_since_rest":1830,"minecraft:damage_taken":3520,"minecraft:damage_dealt":19,"minecraft:player_kills":2,"minecraft:swim_one_cm":1905,"minecraft:fly_one_cm":116326,"minecraft:open_chest":8,"minecraft:crouch_one_cm":21585,"minecraft:fall_one_cm":32397},"minecraft:broken":{"minecraft:iron_pickaxe":1},"minecraft:picked_up":{"regions_unexplored:pointed_redstone":2,"minecraft:charcoal":2,"minecraft:crafting_table":3,"minecraft:nether_wart":5,"minecraft:diamond_sword":1,"moguns:ppsh_41":1,"minecraft:cornflower":1,"minecraft:string":2,"moguns:trumpet":1,"minecraft:shroomlight":4,"minecraft:oak_sign":2,"regions_unexplored:pine_log":12,"minecraft:cobbled_deepslate":1,"minecraft:iron_pickaxe":1,"regions_unexplored:redwood_planks":1,"minecraft:birch_sapling":1,"minecraft:spruce_trapdoor":2,"regions_unexplored:redwood_log":2,"minecraft:stick":3,"minecraft:torch":13,"regions_unexplored:blue_lupine":5,"regions_unexplored:raw_redstone_block":2,"minecraft:redstone":181,"regions_unexplored:purple_coneflower":20,"minecraft:rotten_flesh":9,"regions_unexplored:redstone_bulb":4,"villagersplus:occultist_table":1,"minecraft:mutton":1,"minecraft:cobblestone":928,"minecraft:andesite":3,"minecraft:flint":1,"minecraft:tuff":1,"minecraft:oak_log":8,"regions_unexplored:red_lupine":1,"minecraft:yellow_bed":1,"minecraft:gunpowder":7,"minecraft:blue_bed":7,"minecraft:dirt":76,"minecraft:lantern":1,"moguns:glock17":1,"minecraft:kelp":1,"minecraft:wheat_seeds":5,"regions_unexplored:pink_bioshroom":1,"minecraft:oak_planks":17,"minecraft:sweet_berries":2,"bunker_down:underroot_stage_1":2,"minecraft:gravel":11,"minecraft:white_bed":2,"minecraft:spruce_log":1,"regions_unexplored:pink_lupine":4,"minecraft:spider_eye":3,"alexsmobs:animal_dictionary":1,"graveyard:oak_coffin":3,"minecraft:soul_lantern":1,"regions_unexplored:tall_pink_bioshroom":2,"regions_unexplored:clover":246,"moguns:762x25":128,"minecraft:diamond_axe":1,"minecraft:oak_sapling":2,"minecraft:coal":54,"moguns:9x19":128,"minecraft:wooden_axe":1,"minecraft:diamond_pickaxe":1},"minecraft:killed":{"goatman:goatman":1,"endofherobrine:silverfish":3,"last_of_us:runner":9,"minecraft:spider":2,"last_of_us:crawler":6,"minecraft:creeper":15,"last_of_us:stalker":2},"minecraft:crafted":{"minecraft:oak_planks":28,"minecraft:crafting_table":1,"minecraft:wooden_pickaxe":1,"minecraft:campfire":1,"regions_unexplored:redwood_planks":8,"minecraft:stick":8,"minecraft:wooden_axe":1,"minecraft:torch":8},"minecraft:killed_by":{"minecraft:player":6,"last_of_us:runner":8,"man:managgresive":2,"last_of_us:stalker":1},"minecraft:dropped":{"minecraft:wheat_seeds":5,"minecraft:diamond_axe":1,"minecraft:oak_log":1,"minecraft:cobblestone":878,"minecraft:coal":1,"minecraft:cornflower":1,"minecraft:wooden_axe":1,"regions_unexplored:pointed_redstone":1,"minecraft:redstone":12,"minecraft:gravel":11,"minecraft:kelp":1,"alexsmobs:animal_dictionary":1,"minecraft:birch_sapling":1,"regions_unexplored:clover":330,"regions_unexplored:tall_pink_bioshroom":1,"minecraft:oak_planks":11,"minecraft:oak_sign":2,"minecraft:pumpkin_seeds":10,"minecraft:gunpowder":2,"minecraft:spruce_trapdoor":2,"minecraft:andesite":3,"minecraft:yellow_bed":1,"minecraft:oak_sapling":2,"minecraft:spider_eye":2,"minecraft:spruce_log":1,"bunker_down:underroot_stage_1":2,"minecraft:wooden_pickaxe":1},"minecraft:used":{"regions_unexplored:pink_lupine":4,"graveyard:oak_coffin":3,"minecraft:torch":20,"regions_unexplored:red_lupine":1,"minecraft:dirt":76,"regions_unexplored:clover":62,"minecraft:tuff":1,"minecraft:shroomlight":4,"minecraft:wooden_axe":35,"minecraft:lantern":1,"regions_unexplored:purple_coneflower":20,"minecraft:sweet_berries":8,"minecraft:cooked_beef":3,"regions_unexplored:blue_lupine":5,"regions_unexplored:redstone_bulb":2,"minecraft:oak_planks":18,"regions_unexplored:pointed_redstone":1,"minecraft:blue_bed":7,"regions_unexplored:tall_pink_bioshroom":1,"regions_unexplored:redwood_planks":9,"regions_unexplored:raw_redstone_block":1,"minecraft:crafting_table":3,"minecraft:white_bed":2,"minecraft:campfire":1,"regions_unexplored:pink_bioshroom":1,"minecraft:diamond_pickaxe":391,"minecraft:iron_pickaxe":259,"minecraft:diamond_sword":1,"minecraft:cobblestone":1,"alexsmobs:animal_dictionary":9},"minecraft:mined":{"regions_unexplored:tall_pink_bioshroom":1,"minecraft:tuff":1,"minecraft:white_bed":1,"minecraft:grass_block":6,"regions_unexplored:purple_coneflower":9,"regions_unexplored:raw_redstone_block":1,"minecraft:oak_wall_sign":2,"minecraft:nether_wart":2,"minecraft:large_fern":1,"minecraft:redstone_ore":1,"regions_unexplored:pointed_redstone":1,"minecraft:cobbled_deepslate":1,"minecraft:andesite":4,"regions_unexplored:redwood_planks":1,"regions_unexplored:pine_leaves":7,"minecraft:shroomlight":4,"regions_unexplored:medium_grass":6,"minecraft:stone":623,"regions_unexplored:redstone_bulb":2,"minecraft:glass_pane":1,"regions_unexplored:pink_bioshroom":1,"minecraft:soul_lantern":1,"minecraft:crafting_table":3,"minecraft:torch":11,"minecraft:campfire":1,"minecraft:tall_grass":1,"minecraft:cobblestone":1,"minecraft:oak_planks":6,"minecraft:blue_bed":2,"minecraft:wall_torch":1,"regions_unexplored:pine_log":14,"graveyard:oak_coffin":2,"regions_unexplored:redstone_bud":7,"minecraft:birch_leaves":1,"minecraft:grass":10,"minecraft:oak_log":7,"minecraft:coal_ore":4,"minecraft:gravel":12,"minecraft:dirt":42,"villagersplus:occultist_table":1,"minecraft:fern":2}},"DataVersion":3120}