{"stats":{"minecraft:mined":{"minecraft:tuff":51,"regions_unexplored:golden_larch_leaves":9,"minecraft:spruce_planks":2,"minecraft:red_bed":2,"minecraft:deepslate_diamond_ore":3,"minecraft:twisting_vines_plant":1,"minecraft:smoker":1,"minecraft:basalt":1,"minecraft:cyan_stained_glass":2,"minecraft:granite":1,"minecraft:crafting_table":4,"regions_unexplored:larch_planks":5,"minecraft:glow_lichen":1,"minecraft:grass_block":3,"minecraft:copper_ore":1,"minecraft:cobblestone":13,"minecraft:spruce_leaves":5,"regions_unexplored:raw_redstone_block":2,"minecraft:diorite":1,"minecraft:wall_torch":1,"minecraft:magma_block":2,"regions_unexplored:pointed_redstone":2,"minecraft:furnace":3,"regions_unexplored:redstone_bud":10,"minecraft:iron_ore":6,"minecraft:barrel":1,"minecraft:lilac":2,"minecraft:spruce_log":26,"minecraft:stripped_spruce_log":12,"minecraft:andesite":20,"regions_unexplored:frozen_grass":7,"regions_unexplored:larch_leaves":1,"minecraft:twisting_vines":1,"minecraft:oak_log":4,"minecraft:lantern":1,"minecraft:dirt":7,"regions_unexplored:medium_grass":4,"regions_unexplored:larch_log":9,"minecraft:stone":149,"minecraft:deepslate":108,"regions_unexplored:redstone_bulb":2,"minecraft:oak_leaves":3,"minecraft:spruce_slab":2,"villagersplus:spruce_horticulturist_table":1,"regions_unexplored:larch_shrub":1},"minecraft:killed_by":{"goatman:goatman":2,"creation:creation":3},"minecraft:broken":{"bunker_down:brittle_pickaxe":1},"minecraft:custom":{"minecraft:interact_with_furnace":7,"minecraft:mob_kills":5,"minecraft:interact_with_crafting_table":14,"minecraft:interact_with_cartography_table":1,"minecraft:open_barrel":5,"minecraft:leave_game":2,"minecraft:time_since_death":8442,"minecraft:sleep_in_bed":3,"minecraft:climb_one_cm":8491,"minecraft:time_since_rest":8476,"minecraft:sprint_one_cm":82743,"minecraft:damage_taken":1739,"minecraft:walk_one_cm":85846,"minecraft:drop":22,"minecraft:damage_dealt":1298,"minecraft:swim_one_cm":440,"minecraft:talked_to_villager":3,"minecraft:fly_one_cm":61860,"minecraft:open_chest":12,"minecraft:crouch_one_cm":49563,"minecraft:play_time":53818,"minecraft:deaths":7,"minecraft:sneak_time":19133,"minecraft:walk_under_water_one_cm":3167,"minecraft:jump":424,"minecraft:walk_on_water_one_cm":1378,"minecraft:total_world_time":53818,"minecraft:fall_one_cm":13011},"minecraft:crafted":{"minecraft:oak_planks":12,"minecraft:diamond_sword":1,"minecraft:crafting_table":2,"minecraft:spruce_planks":44,"minecraft:wooden_pickaxe":1,"minecraft:furnace":2,"regions_unexplored:larch_planks":36,"minecraft:campfire":2,"minecraft:stone_axe":1,"minecraft:air":0,"minecraft:diamond_pickaxe":2,"minecraft:charcoal":10,"minecraft:stick":20,"minecraft:iron_pickaxe":1,"minecraft:iron_ingot":3,"minecraft:stone_pickaxe":3,"minecraft:chest":1,"minecraft:torch":20},"minecraft:killed":{"minecraft:creeper":4},"minecraft:picked_up":{"regions_unexplored:pointed_redstone":4,"regions_unexplored:peat_dirt":21,"minecraft:charcoal":1,"minecraft:crafting_table":4,"minecraft:magma_block":3,"minecraft:lilac":2,"minecraft:basalt":1,"regions_unexplored:larch_planks":53,"minecraft:andesite":19,"minecraft:fern":1,"minecraft:smoker":1,"minecraft:tuff":50,"minecraft:oak_log":4,"minecraft:gunpowder":3,"minecraft:dirt":11,"minecraft:red_bed":2,"minecraft:lantern":1,"minecraft:raw_copper":7,"minecraft:twisting_vines":2,"minecraft:blue_orchid":1,"minecraft:wheat_seeds":3,"minecraft:cobbled_deepslate":110,"minecraft:spruce_planks":2,"minecraft:iron_ingot":1,"villagersplus:spruce_horticulturist_table":1,"regions_unexplored:larch_log":9,"minecraft:spruce_slab":2,"minecraft:furnace":3,"minecraft:stick":9,"minecraft:raw_iron":60,"minecraft:sweet_berries":4,"minecraft:torch":3,"minecraft:spruce_stairs":2,"minecraft:diorite":1,"minecraft:stripped_spruce_log":11,"minecraft:spruce_sapling":7,"regions_unexplored:raw_redstone_block":2,"minecraft:white_bed":1,"minecraft:spruce_log":25,"minecraft:redstone":12,"minecraft:barrel":1,"minecraft:light_gray_concrete":4,"regions_unexplored:redstone_bulb":1,"minecraft:light_gray_bed":1,"minecraft:rotten_flesh":43,"minecraft:diamond":14,"minecraft:granite":1,"minecraft:pink_tulip":1,"minecraft:oak_sapling":1,"regions_unexplored:golden_larch_sapling":2,"minecraft:snowball":2,"minecraft:cobblestone":152},"minecraft:used":{"minecraft:stone_pickaxe":192,"regions_unexplored:peat_dirt":16,"minecraft:chest":1,"minecraft:wooden_pickaxe":19,"minecraft:torch":14,"minecraft:dirt":2,"minecraft:crafting_table":6,"minecraft:red_bed":2,"bunker_down:brittle_pickaxe":21,"minecraft:campfire":1,"minecraft:spruce_log":1,"minecraft:diamond_pickaxe":145,"minecraft:light_gray_concrete":4,"minecraft:bread":1,"minecraft:iron_pickaxe":4,"minecraft:stone_axe":85,"minecraft:magma_block":3,"minecraft:cobblestone":22,"regions_unexplored:larch_planks":15,"minecraft:sweet_berries":6,"minecraft:furnace":3,"minecraft:andesite":7},"minecraft:dropped":{"minecraft:wheat_seeds":2,"minecraft:lilac":2,"minecraft:twisting_vines":2,"minecraft:cobblestone":1,"minecraft:fern":1,"minecraft:spruce_stairs":1,"minecraft:leather_helmet":1,"minecraft:chainmail_chestplate":1,"minecraft:dirt":1,"minecraft:torch":1,"minecraft:diamond_pickaxe":1,"minecraft:chainmail_boots":1,"regions_unexplored:golden_larch_sapling":2,"minecraft:blue_orchid":1,"minecraft:stone_pickaxe":3,"minecraft:iron_pickaxe":1,"minecraft:chainmail_leggings":1,"minecraft:pink_tulip":1}},"DataVersion":3120}