{"stats":{"minecraft:mined":{"minecraft:light_blue_stained_glass":4,"minecraft:glass_pane":2,"minecraft:red_bed":1,"minecraft:mossy_cobblestone":1,"minecraft:blue_stained_glass":1,"minecraft:crafting_table":1,"minecraft:oak_log":7,"minecraft:brick_stairs":1,"minecraft:dead_bush":13,"minecraft:white_stained_glass":5,"minecraft:sand":1,"minecraft:oak_planks":1,"minecraft:moss_block":2,"minecraft:green_bed":1,"ecologics:prickly_pear":1},"minecraft:custom":{"minecraft:time_since_rest":1130,"minecraft:sprint_one_cm":120508,"minecraft:damage_taken":534,"minecraft:walk_one_cm":69110,"minecraft:mob_kills":1,"minecraft:drop":10,"minecraft:damage_dealt":80,"minecraft:interact_with_crafting_table":3,"minecraft:fly_one_cm":71198,"minecraft:open_barrel":26,"minecraft:crouch_one_cm":3981,"minecraft:play_time":26060,"minecraft:deaths":2,"minecraft:sneak_time":1638,"minecraft:jump":316,"minecraft:leave_game":2,"minecraft:time_since_death":1056,"minecraft:interact_with_smoker":2,"minecraft:total_world_time":26060,"minecraft:sleep_in_bed":2,"minecraft:climb_one_cm":1655,"minecraft:fall_one_cm":6350},"minecraft:picked_up":{"minecraft:iron_chestplate":1,"minecraft:stick":14,"minecraft:crafting_table":2,"minecraft:chainmail_boots":1,"minecraft:cooked_beef":6,"ecologics:prickly_pear":1,"minecraft:sand":1,"minecraft:chainmail_chestplate":1,"minecraft:oak_log":8,"minecraft:string":5,"minecraft:mossy_cobblestone":1,"minecraft:leather_helmet":1,"alexsmobs:animal_dictionary":1,"minecraft:red_bed":1,"minecraft:wooden_sword":1,"minecraft:chainmail_leggings":1,"alexsmobs:rattlesnake_rattle":1,"minecraft:cobweb":59,"minecraft:moss_block":1,"minecraft:white_wool":3,"minecraft:oak_planks":26},"minecraft:crafted":{"minecraft:wooden_sword":1,"minecraft:oak_planks":32,"minecraft:crafting_table":2,"minecraft:wooden_pickaxe":1,"firstaid:bandage":1},"minecraft:dropped":{"minecraft:cooked_beef":8,"minecraft:iron_chestplate":1,"minecraft:leather_boots":1,"minecraft:chainmail_boots":1,"minecraft:leather_leggings":1,"minecraft:wooden_sword":2,"minecraft:chainmail_leggings":1,"minecraft:leather_helmet":1,"minecraft:chainmail_chestplate":1},"minecraft:killed_by":{"goatman:goatman":1},"minecraft:used":{"minecraft:moss_block":1,"minecraft:oak_planks":5,"minecraft:leather_helmet":1,"minecraft:wooden_pickaxe":5,"minecraft:mossy_cobblestone":1,"minecraft:sand":1,"minecraft:crafting_table":2,"minecraft:chainmail_boots":1,"minecraft:red_bed":1,"minecraft:chainmail_chestplate":1,"alexsmobs:animal_dictionary":1,"minecraft:cooked_beef":3,"minecraft:chainmail_leggings":1,"minecraft:cobweb":30},"minecraft:killed":{"alexsmobs:rattlesnake":1}},"DataVersion":3120}