{"stats":{"minecraft:crafted":{"minecraft:wooden_sword":1,"minecraft:oak_planks":32,"minecraft:crafting_table":2,"minecraft:wooden_pickaxe":1,"minecraft:oak_boat":1,"firstaid:bandage":1},"minecraft:picked_up":{"minecraft:crafting_table":5,"minecraft:iron_chestplate":3,"minecraft:cooked_beef":31,"minecraft:chainmail_boots":4,"minecraft:leather_leggings":2,"minecraft:wooden_pickaxe":3,"minecraft:oak_log":8,"minecraft:chainmail_chestplate":1,"minecraft:dead_horn_coral_block":1,"minecraft:gunpowder":12,"minecraft:cobblestone_wall":3,"minecraft:string":8,"minecraft:red_bed":1,"minecraft:wooden_sword":2,"minecraft:smooth_stone_slab":1,"minecraft:cracked_stone_bricks":2,"minecraft:wheat_seeds":2,"minecraft:candle":2,"minecraft:oak_boat":1,"minecraft:cobweb":226,"minecraft:redstone_torch":3,"minecraft:moss_block":1,"minecraft:sugar_cane":40,"minecraft:oak_planks":44,"minecraft:stick":53,"ecologics:prickly_pear":2,"minecraft:copper_ingot":2,"minecraft:green_bed":2,"minecraft:porkchop":2,"minecraft:sand":1,"minecraft:mossy_cobblestone":1,"alexsmobs:animal_dictionary":4,"minecraft:leather_helmet":4,"minecraft:rotten_flesh":1,"minecraft:chainmail_leggings":4,"alexsmobs:rattlesnake_rattle":3,"minecraft:glow_berries":2,"minecraft:white_wool":3},"minecraft:custom":{"minecraft:mob_kills":3,"minecraft:interact_with_crafting_table":4,"minecraft:open_barrel":28,"minecraft:leave_game":4,"minecraft:time_since_death":1010,"minecraft:sleep_in_bed":2,"minecraft:climb_one_cm":1697,"minecraft:time_since_rest":1042,"minecraft:sprint_one_cm":184978,"minecraft:damage_taken":1311,"minecraft:walk_one_cm":122801,"minecraft:drop":26,"minecraft:damage_dealt":386,"minecraft:minecart_one_cm":8089,"minecraft:swim_one_cm":14762,"minecraft:fly_one_cm":180323,"minecraft:open_chest":1,"minecraft:crouch_one_cm":6531,"minecraft:play_time":47385,"minecraft:deaths":5,"minecraft:sneak_time":2318,"minecraft:walk_under_water_one_cm":5493,"minecraft:boat_one_cm":174876,"minecraft:jump":603,"minecraft:walk_on_water_one_cm":9892,"minecraft:total_world_time":47385,"minecraft:interact_with_smoker":2,"minecraft:fall_one_cm":12670},"minecraft:mined":{"minecraft:glass_pane":2,"minecraft:red_bed":1,"minecraft:mossy_cobblestone":1,"minecraft:blue_stained_glass":1,"minecraft:gray_stained_glass_pane":2,"minecraft:crafting_table":2,"minecraft:cobbled_deepslate_slab":2,"minecraft:grass_block":1,"minecraft:brick_stairs":1,"minecraft:dead_bush":21,"minecraft:white_stained_glass":5,"minecraft:glass":1,"minecraft:sugar_cane":9,"minecraft:moss_block":2,"minecraft:oak_planks":1,"ecologics:prickly_pear":1,"minecraft:light_blue_stained_glass":4,"minecraft:seagrass":1,"minecraft:tall_seagrass":2,"minecraft:cobblestone_wall":1,"minecraft:smooth_stone_slab":1,"minecraft:grass":6,"minecraft:oak_log":7,"minecraft:sand":1,"minecraft:cracked_stone_bricks":2,"minecraft:fern":2,"minecraft:horn_coral_block":1,"minecraft:green_bed":2},"minecraft:killed_by":{"last_of_us:runner":1,"goatman:goatman":1,"last_of_us:stalker":1},"minecraft:dropped":{"minecraft:sugar_cane":6,"minecraft:cooked_beef":13,"alexsmobs:animal_dictionary":1,"minecraft:oak_planks":15,"alexsmobs:rattlesnake_rattle":1,"ecologics:prickly_pear":1,"minecraft:leather_helmet":2,"minecraft:chainmail_chestplate":1,"minecraft:stick":4,"minecraft:cobweb":77,"firstaid:bandage":1,"minecraft:iron_chestplate":2,"minecraft:leather_boots":1,"minecraft:chainmail_boots":2,"minecraft:leather_leggings":1,"minecraft:wooden_sword":2,"minecraft:wooden_pickaxe":1,"minecraft:chainmail_leggings":2,"minecraft:string":1},"minecraft:used":{"minecraft:moss_block":1,"minecraft:dead_horn_coral_block":1,"minecraft:oak_planks":12,"minecraft:wooden_pickaxe":24,"minecraft:cracked_stone_bricks":2,"minecraft:mossy_cobblestone":1,"minecraft:sand":1,"minecraft:crafting_table":2,"minecraft:red_bed":1,"minecraft:chainmail_chestplate":1,"minecraft:leather_helmet":1,"minecraft:wooden_sword":4,"minecraft:chainmail_boots":1,"minecraft:minecart":1,"alexsmobs:animal_dictionary":1,"minecraft:smooth_stone_slab":1,"minecraft:oak_boat":2,"minecraft:cooked_beef":5,"minecraft:cobweb":30,"minecraft:chainmail_leggings":1},"minecraft:killed":{"minecraft:pig":1,"last_of_us:runner":1,"alexsmobs:rattlesnake":1}},"DataVersion":3120}