{"stats":{"minecraft:mined":{"minecraft:glass_pane":2,"minecraft:red_bed":1,"minecraft:mossy_cobblestone":1,"minecraft:blue_stained_glass":1,"minecraft:gray_stained_glass_pane":2,"minecraft:crafting_table":2,"minecraft:cobbled_deepslate_slab":2,"minecraft:brick_stairs":1,"minecraft:dead_bush":21,"minecraft:white_stained_glass":5,"minecraft:moss_block":2,"minecraft:oak_planks":1,"minecraft:sugar_cane":9,"ecologics:prickly_pear":1,"minecraft:light_blue_stained_glass":4,"minecraft:seagrass":1,"minecraft:tall_seagrass":2,"minecraft:cobblestone_wall":1,"minecraft:smooth_stone_slab":1,"minecraft:oak_log":7,"minecraft:sand":1,"minecraft:cracked_stone_bricks":2,"minecraft:horn_coral_block":1,"minecraft:green_bed":2},"minecraft:custom":{"minecraft:mob_kills":1,"minecraft:interact_with_crafting_table":4,"minecraft:open_barrel":28,"minecraft:leave_game":2,"minecraft:time_since_death":10323,"minecraft:sleep_in_bed":2,"minecraft:climb_one_cm":1655,"minecraft:time_since_rest":10350,"minecraft:sprint_one_cm":165241,"minecraft:damage_taken":854,"minecraft:walk_one_cm":84128,"minecraft:drop":25,"minecraft:damage_dealt":80,"minecraft:swim_one_cm":13654,"minecraft:fly_one_cm":122955,"minecraft:open_chest":1,"minecraft:crouch_one_cm":5224,"minecraft:play_time":38060,"minecraft:deaths":3,"minecraft:sneak_time":2060,"minecraft:walk_under_water_one_cm":3408,"minecraft:boat_one_cm":150421,"minecraft:jump":497,"minecraft:walk_on_water_one_cm":7365,"minecraft:total_world_time":38060,"minecraft:interact_with_smoker":2,"minecraft:fall_one_cm":8552},"minecraft:picked_up":{"minecraft:crafting_table":3,"minecraft:iron_chestplate":2,"minecraft:cooked_beef":11,"minecraft:chainmail_boots":2,"minecraft:wooden_pickaxe":1,"minecraft:oak_log":8,"minecraft:chainmail_chestplate":1,"minecraft:dead_horn_coral_block":1,"minecraft:cobblestone_wall":1,"minecraft:string":6,"minecraft:red_bed":1,"minecraft:wooden_sword":1,"minecraft:smooth_stone_slab":1,"minecraft:cracked_stone_bricks":2,"minecraft:oak_boat":1,"minecraft:cobweb":136,"minecraft:moss_block":1,"minecraft:sugar_cane":23,"minecraft:oak_planks":41,"minecraft:stick":27,"ecologics:prickly_pear":2,"minecraft:green_bed":1,"minecraft:sand":1,"alexsmobs:animal_dictionary":2,"minecraft:leather_helmet":2,"minecraft:mossy_cobblestone":1,"minecraft:chainmail_leggings":3,"alexsmobs:rattlesnake_rattle":2,"minecraft:white_wool":3},"minecraft:crafted":{"minecraft:wooden_sword":1,"minecraft:oak_planks":32,"minecraft:crafting_table":2,"minecraft:wooden_pickaxe":1,"minecraft:oak_boat":1,"firstaid:bandage":1},"minecraft:dropped":{"minecraft:sugar_cane":6,"minecraft:cooked_beef":13,"alexsmobs:animal_dictionary":1,"minecraft:oak_planks":15,"alexsmobs:rattlesnake_rattle":1,"ecologics:prickly_pear":1,"minecraft:leather_helmet":2,"minecraft:chainmail_chestplate":1,"minecraft:stick":4,"minecraft:cobweb":77,"minecraft:iron_chestplate":2,"minecraft:leather_boots":1,"minecraft:chainmail_boots":2,"minecraft:leather_leggings":1,"minecraft:wooden_sword":2,"minecraft:wooden_pickaxe":1,"minecraft:chainmail_leggings":2,"minecraft:string":1},"minecraft:killed_by":{"goatman:goatman":1},"minecraft:used":{"minecraft:moss_block":1,"minecraft:dead_horn_coral_block":1,"minecraft:oak_planks":11,"minecraft:wooden_pickaxe":12,"minecraft:cracked_stone_bricks":2,"minecraft:mossy_cobblestone":1,"minecraft:sand":1,"minecraft:crafting_table":2,"minecraft:red_bed":1,"minecraft:chainmail_chestplate":1,"minecraft:leather_helmet":1,"minecraft:chainmail_boots":1,"minecraft:oak_boat":2,"minecraft:smooth_stone_slab":1,"alexsmobs:animal_dictionary":1,"minecraft:cooked_beef":4,"minecraft:cobweb":30,"minecraft:chainmail_leggings":1},"minecraft:killed":{"alexsmobs:rattlesnake":1}},"DataVersion":3120}