{"stats":{"minecraft:custom":{"minecraft:interact_with_crafting_table":73,"minecraft:open_barrel":17,"minecraft:leave_game":10,"minecraft:time_since_death":1047,"minecraft:sprint_one_cm":625723,"minecraft:drop":190,"minecraft:talked_to_villager":55,"minecraft:play_time":332629,"minecraft:deaths":45,"minecraft:jump":3612,"minecraft:walk_on_water_one_cm":40715,"minecraft:interact_with_furnace":117,"minecraft:traded_with_villager":7,"minecraft:interact_with_cartography_table":1,"minecraft:sleep_in_bed":35,"minecraft:damage_dealt":6673,"minecraft:player_kills":11,"minecraft:crouch_one_cm":185572,"minecraft:interact_with_anvil":1,"minecraft:mob_kills":73,"minecraft:interact_with_campfire":4,"minecraft:climb_one_cm":18693,"minecraft:walk_one_cm":674685,"minecraft:target_hit":1,"minecraft:sneak_time":58143,"minecraft:walk_under_water_one_cm":57425,"minecraft:boat_one_cm":210573,"minecraft:total_world_time":332629,"minecraft:time_since_rest":1067,"minecraft:damage_taken":8690,"minecraft:trigger_trapped_chest":1,"minecraft:swim_one_cm":53637,"minecraft:fly_one_cm":1309424,"minecraft:open_chest":174,"minecraft:fall_one_cm":98221},"minecraft:broken":{"bunker_down:brittle_pickaxe":1,"minecraft:leather_leggings":1,"minecraft:iron_chestplate":1,"minecraft:leather_helmet":1,"minecraft:leather_boots":1},"minecraft:picked_up":{"regions_unexplored:pointed_redstone":53,"cgm:basic_bullet":262,"regions_unexplored:larch_planks":56,"minecraft:anvil":2,"minecraft:diamond_sword":1,"minecraft:brewing_stand":1,"minecraft:amethyst_block":68,"minecraft:string":146,"minecraft:raw_copper":343,"cgm:long_scope":1,"regions_unexplored:pine_log":13,"minecraft:cobbled_deepslate":635,"minecraft:spruce_planks":14,"villagersplus:spruce_horticulturist_table":1,"regions_unexplored:larch_log":9,"minecraft:calcite":16,"minecraft:furnace":14,"minecraft:stick":24,"minecraft:oak_fence":1,"minecraft:torch":100,"minecraft:spruce_stairs":4,"minecraft:porkchop":3,"regions_unexplored:raw_redstone_block":109,"minecraft:diorite":1,"minecraft:deepslate_tile_stairs":1,"minecraft:black_dye":12,"regions_unexplored:pink_magnolia_sapling":5,"regions_unexplored:barley":71,"minecraft:light_gray_bed":1,"minecraft:rotten_flesh":67,"minecraft:iron_bars":1,"minecraft:snowball":2,"minecraft:cobblestone":826,"regions_unexplored:golden_larch_sapling":2,"minecraft:magma_block":4,"minecraft:cooked_beef":11,"minecraft:lilac":2,"minecraft:andesite":49,"minecraft:smoker":1,"alexsmobs:bison_fur":4,"minecraft:flint":2,"minecraft:tuff":160,"horror_element_mod:villager_head":1,"minecraft:gray_concrete":9,"minecraft:lapis_lazuli":5,"minecraft:dirt":81,"minecraft:lantern":1,"minecraft:twisting_vines":2,"minecraft:bone":12,"minecraft:wheat_seeds":12,"minecraft:raw_gold":67,"regions_unexplored:pink_bioshroom":1,"moguns:awp":2,"minecraft:fletching_table":2,"minecraft:bamboo":20,"regions_unexplored:bamboo_log":13,"minecraft:oak_planks":3,"regions_unexplored:pine_sapling":4,"regions_unexplored:blue_bioshroom_block":2,"minecraft:sand":138,"minecraft:stripped_spruce_log":11,"minecraft:dark_oak_log":1,"regions_unexplored:pink_lupine":4,"minecraft:barrel":1,"minecraft:mossy_cobblestone":3,"graveyard:oak_coffin":1,"minecraft:light_gray_concrete":5,"minecraft:diamond":72,"regions_unexplored:tall_pink_bioshroom":2,"minecraft:cracked_polished_blackstone_bricks":1,"regions_unexplored:clover":69,"minecraft:granite":9,"minecraft:emerald":5,"minecraft:oak_sapling":6,"minecraft:bricks":1,"moguns:9x19":761,"minecraft:andesite_slab":1,"projectarsenal:r2_suppressor":3,"minecraft:diamond_pickaxe":2,"minecraft:charcoal":6,"minecraft:crafting_table":7,"minecraft:chicken":2,"ecologics:seashell":5,"moguns:ppsh_41":3,"minecraft:chain":1,"minecraft:cornflower":1,"minecraft:red_bed":2,"moguns:trumpet":2,"moguns:762x39":120,"minecraft:glass_pane":1,"graveyard:corruption":2,"minecraft:blue_orchid":1,"cgm:weighted_stock":1,"cgm:mini_gun":1,"minecraft:beef":39,"minecraft:iron_nugget":6,"minecraft:spruce_slab":2,"cgm:bazooka":1,"minecraft:spruce_trapdoor":4,"minecraft:raw_iron":227,"minecraft:spruce_fence":3,"regions_unexplored:blue_lupine":5,"minecraft:redstone":1508,"regions_unexplored:purple_coneflower":3,"moguns:akm_custom":2,"regions_unexplored:redstone_bulb":26,"minecraft:hay_block":11,"minecraft:cracked_deepslate_bricks":1,"minecraft:pink_tulip":1,"minecraft:gold_ingot":1,"minecraft:brick_stairs":3,"minecraft:mutton":6,"minecraft:bone_block":4,"minecraft:white_wool":2,"minecraft:cracked_deepslate_tiles":1,"regions_unexplored:peat_dirt":21,"minecraft:basalt":2,"moguns:reflex_sight":1,"minecraft:leather":3,"minecraft:fern":1,"minecraft:red_mushroom":9,"cgm:missile":15,"minecraft:oak_log":28,"regions_unexplored:red_lupine":3,"bunker_down:airlock_iron_door":1,"minecraft:yellow_bed":7,"minecraft:gunpowder":7,"minecraft:blue_bed":14,"bunker_down:steel_block":2,"moguns:glock17":3,"minecraft:cooked_mutton":5,"minecraft:iron_ingot":5,"minecraft:cobweb":55,"minecraft:polished_andesite_slab":2,"minecraft:book":12,"moguns:762x51":30,"minecraft:black_candle":3,"minecraft:sweet_berries":4,"cgm:specialised_grip":1,"minecraft:gravel":47,"minecraft:amethyst_shard":6,"minecraft:spruce_sapling":9,"minecraft:white_bed":1,"minecraft:spruce_log":60,"minecraft:spruce_door":1,"travelersbackpack:standard":1,"minecraft:oak_wood":16,"projectarsenal:special_muzzle_break":1,"moguns:762x25":494,"minecraft:diamond_axe":1,"minecraft:gray_wool":1,"minecraft:damaged_anvil":1,"cgm:workbench":3,"minecraft:coal":430,"regions_unexplored:small_oak_log":8},"minecraft:killed":{"alexsmobs:snow_leopard":1,"minecraft:chicken":2,"minecraft:pig":1,"alexsmobs:seal":1,"last_of_us:crawler":4,"minecraft:creeper":6,"last_of_us:stalker":9,"minecraft:sheep":4,"endofherobrine:cow":2,"minecraft:cow":6,"last_of_us:runner":10,"alexsmobs:bison":2,"endofherobrine:sheep":24},"minecraft:crafted":{"minecraft:black_dye":2,"moguns:ppsh_41":2,"minecraft:oak_planks":104,"regions_unexplored:larch_planks":36,"minecraft:lever":1,"minecraft:diamond_shovel":1,"aether:diamond_gloves":1,"minecraft:chest":10,"minecraft:black_wool":19,"minecraft:oak_fence":9,"taccraft:flak_vest_helmet":1,"taccraft:flak_vest_chestplate":1,"minecraft:emerald":7,"minecraft:diamond_axe":2,"minecraft:crafting_table":5,"minecraft:spruce_planks":180,"minecraft:wooden_pickaxe":1,"taccraft:flak_vest_boots":1,"minecraft:copper_ingot":194,"minecraft:fletching_table":1,"moguns:glock17":1,"minecraft:campfire":4,"taccraft:plate_bag":2,"minecraft:charcoal":10,"minecraft:diamond_pickaxe":3,"taccraft:aramid_insert":2,"minecraft:stick":324,"minecraft:iron_ingot":102,"minecraft:iron_pickaxe":2,"minecraft:sandstone":15,"minecraft:gold_ingot":57,"moguns:akm_custom":1,"minecraft:redstone":38,"minecraft:leather_boots":1,"minecraft:iron_nugget":270,"minecraft:furnace":4,"minecraft:gray_dye":2,"minecraft:bone_meal":111,"minecraft:pink_dye":2,"taccraft:nylon_cloth":18,"minecraft:stone_pickaxe":3,"cgm:workbench":1,"minecraft:cooked_beef":15,"minecraft:red_dye":1,"minecraft:diamond_sword":2,"minecraft:gray_concrete_powder":8,"minecraft:bucket":1,"taccraft:nylon_stripe":4,"minecraft:stone_axe":1,"minecraft:air":0,"minecraft:oak_boat":1,"regions_unexplored:pine_planks":52,"minecraft:white_wool":33,"minecraft:gold_nugget":36,"minecraft:white_dye":9,"taccraft:flak_vest_leggings":1,"minecraft:white_bed":1,"minecraft:torch":116},"minecraft:killed_by":{"endofherobrine:cow":2,"alexsmobs:snow_leopard":1,"endofherobrine:sheep":1,"last_of_us:runner":4,"man:managgresive":2,"last_of_us:stalker":2,"minecraft:player":4,"goatman:goatman":4,"last_of_us:bloater":1},"minecraft:dropped":{"moguns:ppsh_41":2,"minecraft:diamond_axe":1,"moguns:trumpet":2,"regions_unexplored:larch_planks":14,"minecraft:leather_helmet":1,"minecraft:red_mushroom":6,"minecraft:deepslate_tile_stairs":1,"minecraft:dirt":28,"minecraft:gray_concrete":8,"minecraft:dark_oak_log":1,"moguns:762x25":274,"minecraft:mutton":1,"minecraft:cracked_deepslate_tiles":1,"regions_unexplored:purple_coneflower":3,"moguns:9x19":233,"regions_unexplored:golden_larch_sapling":2,"minecraft:chain":1,"minecraft:gold_nugget":1,"minecraft:bone_meal":27,"minecraft:iron_pickaxe":2,"minecraft:white_wool":2,"minecraft:gray_dye":4,"regions_unexplored:redstone_bulb":19,"minecraft:bone":5,"minecraft:gravel":16,"regions_unexplored:raw_redstone_block":76,"minecraft:iron_nugget":14,"minecraft:polished_andesite_slab":2,"minecraft:cobbled_deepslate":78,"minecraft:twisting_vines":2,"minecraft:andesite_slab":1,"minecraft:rotten_flesh":21,"aether:leather_gloves":1,"minecraft:fern":1,"minecraft:chainmail_chestplate":1,"moguns:akm_custom":2,"travelersbackpack:gold_tier_upgrade":1,"regions_unexplored:red_lupine":1,"minecraft:gunpowder":3,"cgm:basic_bullet":12,"minecraft:brick_stairs":2,"minecraft:chainmail_boots":1,"minecraft:basalt":2,"minecraft:iron_bars":65,"minecraft:beef":5,"graveyard:oak_coffin":1,"moguns:awp":1,"minecraft:iron_ingot":1,"minecraft:wheat_seeds":8,"minecraft:lilac":2,"minecraft:mossy_cobblestone":1,"projectarsenal:r2_suppressor":1,"minecraft:oak_fence":1,"cgm:mini_gun":1,"minecraft:cobblestone":441,"minecraft:amethyst_block":2,"regions_unexplored:pine_sapling":4,"minecraft:spruce_stairs":1,"minecraft:coal":64,"minecraft:stick":8,"moguns:glock17":2,"minecraft:cobweb":104,"minecraft:lava_bucket":1,"bunker_down:airlock_iron_door":1,"minecraft:gray_wool":1,"minecraft:diorite":1,"minecraft:torch":3,"regions_unexplored:barley":71,"minecraft:map":7,"minecraft:string":4,"minecraft:chainmail_leggings":1,"minecraft:bucket":1,"minecraft:spruce_sapling":1,"minecraft:redstone":708,"minecraft:pink_tulip":1,"minecraft:tuff":84,"minecraft:raw_iron":16,"regions_unexplored:tall_pink_bioshroom":1,"regions_unexplored:clover":45,"minecraft:damaged_anvil":1,"regions_unexplored:pink_lupine":2,"minecraft:spruce_fence":2,"minecraft:diamond_sword":2,"moguns:762x39":75,"minecraft:spruce_planks":6,"minecraft:spruce_trapdoor":2,"regions_unexplored:blue_bioshroom_block":1,"minecraft:diamond_pickaxe":4,"minecraft:oak_sapling":5,"bunker_down:steel_block":2,"minecraft:blue_orchid":1,"minecraft:stone_pickaxe":3,"minecraft:wooden_pickaxe":1,"ecologics:seashell":3,"regions_unexplored:blue_lupine":5},"minecraft:used":{"minecraft:chest":6,"moguns:glock17":245,"minecraft:tuff":66,"moguns:awp":19,"minecraft:lava_bucket":7,"minecraft:gray_concrete_powder":8,"minecraft:magma_block":3,"minecraft:sweet_berries":6,"minecraft:furnace":21,"moguns:ppsh_41":53,"moguns:akm_custom":15,"minecraft:stone_pickaxe":192,"minecraft:oak_planks":4,"minecraft:wooden_pickaxe":19,"minecraft:blue_bed":18,"minecraft:diamond_axe":136,"cgm:bazooka":1,"minecraft:gray_concrete":1,"minecraft:light_gray_concrete":5,"minecraft:bread":2,"minecraft:gravel":30,"minecraft:diamond_sword":450,"minecraft:andesite":7,"minecraft:oak_boat":1,"cgm:mini_gun":150,"minecraft:bone_meal":75,"minecraft:cobweb":89,"minecraft:oak_fence":9,"minecraft:cracked_deepslate_bricks":1,"minecraft:redstone":5,"graveyard:wither_bone_remains":1,"minecraft:spruce_planks":22,"minecraft:torch":201,"minecraft:dirt":40,"minecraft:anvil":2,"cgm:workbench":4,"bunker_down:brittle_pickaxe":21,"ecologics:seashell":2,"regions_unexplored:clover":1,"regions_unexplored:blue_bioshroom_block":1,"minecraft:bamboo":20,"minecraft:beef":7,"regions_unexplored:larch_planks":19,"minecraft:cooked_beef":3,"minecraft:cobbled_deepslate":71,"minecraft:cooked_mutton":4,"horror_element_mod:slashed_skull":1,"regions_unexplored:peat_dirt":16,"minecraft:fletching_table":3,"regions_unexplored:tall_pink_bioshroom":1,"minecraft:crafting_table":12,"minecraft:red_bed":2,"minecraft:white_bed":1,"minecraft:campfire":4,"minecraft:spruce_log":2,"minecraft:oak_log":5,"minecraft:cornflower":1,"minecraft:diamond_pickaxe":2067,"minecraft:diamond_shovel":224,"minecraft:cracked_polished_blackstone_bricks":1,"minecraft:chicken":2,"minecraft:iron_pickaxe":4,"minecraft:spruce_sapling":1,"minecraft:stone_axe":114,"minecraft:cobblestone":159,"travelersbackpack:standard":3,"minecraft:porkchop":3,"minecraft:bucket":6,"minecraft:black_candle":3,"minecraft:yellow_bed":7},"minecraft:mined":{"minecraft:spruce_planks":17,"regions_unexplored:golden_larch_leaves":9,"regions_unexplored:blue_lupine":5,"minecraft:sculk_vein":1,"minecraft:brewing_stand":1,"regions_unexplored:larch_planks":8,"minecraft:spruce_trapdoor":5,"minecraft:granite":9,"minecraft:budding_amethyst":12,"minecraft:grass_block":16,"minecraft:cracked_polished_blackstone_bricks":1,"regions_unexplored:purple_coneflower":2,"minecraft:deepslate_tile_stairs":1,"regions_unexplored:blue_bioshroom_block":3,"minecraft:tall_seagrass":1,"minecraft:magma_block":4,"regions_unexplored:pointed_redstone":10,"minecraft:sculk_catalyst":1,"horror_element_mod:villager_head":1,"minecraft:iron_ore":25,"minecraft:barrel":1,"minecraft:cobbled_deepslate":4,"minecraft:fire":12,"minecraft:anvil":1,"minecraft:deepslate_lapis_ore":1,"minecraft:fletching_table":3,"minecraft:twisting_vines":1,"minecraft:sculk_shrieker":1,"minecraft:small_amethyst_bud":2,"minecraft:iron_bars":2,"minecraft:light_gray_concrete":1,"minecraft:black_candle":1,"regions_unexplored:larch_log":9,"minecraft:spruce_slab":2,"villagersplus:spruce_horticulturist_table":1,"bunker_down:airlock_iron_door":1,"minecraft:deepslate_redstone_ore":12,"minecraft:red_bed":2,"regions_unexplored:red_lupine":3,"minecraft:twisting_vines_plant":1,"minecraft:smoker":1,"minecraft:amethyst_cluster":1,"minecraft:torch":1,"minecraft:calcite":18,"minecraft:mushroom_stem":3,"minecraft:cobblestone":32,"minecraft:damaged_anvil":1,"minecraft:oak_planks":5,"graveyard:lying_skeleton":1,"minecraft:bricks":1,"regions_unexplored:bamboo_log":15,"minecraft:wall_torch":8,"minecraft:amethyst_block":81,"regions_unexplored:pine_log":14,"minecraft:chain":2,"graveyard:oak_coffin":1,"regions_unexplored:sandy_tall_grass":3,"ecologics:seashell":5,"horror_element_mod:spiked_villager":1,"minecraft:lilac":2,"minecraft:grass":45,"minecraft:cracked_deepslate_tiles":2,"minecraft:oak_log":29,"minecraft:sand":143,"minecraft:dirt":43,"regions_unexplored:clover":22,"minecraft:smooth_basalt":5,"minecraft:deepslate":725,"minecraft:oak_leaves":5,"regions_unexplored:tall_pink_bioshroom":2,"regions_unexplored:spruce_shrub":1,"minecraft:tuff":94,"minecraft:mossy_cobblestone":2,"regions_unexplored:barley":124,"minecraft:deepslate_diamond_ore":18,"regions_unexplored:pink_lupine":4,"minecraft:dark_oak_log":1,"minecraft:cyan_stained_glass":2,"minecraft:glow_lichen":1,"minecraft:spruce_fence":3,"minecraft:brick_stairs":3,"minecraft:redstone_wire":2,"minecraft:polished_andesite_slab":2,"minecraft:spruce_leaves":9,"regions_unexplored:raw_redstone_block":118,"cgm:workbench":2,"minecraft:large_fern":2,"minecraft:hay_block":11,"minecraft:redstone_ore":16,"minecraft:furnace":15,"minecraft:andesite":50,"minecraft:stripped_spruce_log":12,"regions_unexplored:frozen_grass":8,"regions_unexplored:larch_leaves":1,"minecraft:bookshelf":4,"minecraft:deepslate_iron_ore":2,"minecraft:vine":1,"minecraft:lantern":1,"regions_unexplored:medium_grass":42,"bunker_down:steel_block":2,"minecraft:bamboo":2,"regions_unexplored:small_oak_log":9,"minecraft:stone":874,"minecraft:bone_block":4,"regions_unexplored:windswept_grass":5,"regions_unexplored:redstone_bulb":26,"minecraft:gray_concrete":9,"minecraft:glass_pane":3,"minecraft:basalt":1,"travelersbackpack:standard":1,"minecraft:crafting_table":7,"minecraft:cornflower":1,"minecraft:emerald_ore":1,"regions_unexplored:peat_mud":1,"minecraft:copper_ore":10,"minecraft:tall_grass":34,"minecraft:deepslate_gold_ore":8,"minecraft:cracked_deepslate_bricks":1,"minecraft:sculk":1,"minecraft:diorite":1,"minecraft:blue_bed":1,"minecraft:spruce_stairs":2,"regions_unexplored:redstone_bud":109,"minecraft:sweet_berry_bush":1,"minecraft:ice":7,"minecraft:spruce_log":62,"minecraft:yellow_bed":2,"regions_unexplored:sandy_grass":9,"minecraft:coal_ore":11,"minecraft:gravel":39,"graveyard:leaning_skeleton":1,"minecraft:cobweb":151,"graveyard:wither_bone_remains":1,"minecraft:stone_bricks":1,"minecraft:mossy_stone_bricks":1,"minecraft:gold_ore":1,"minecraft:fern":10,"regions_unexplored:larch_shrub":1}},"DataVersion":3120}