{"stats":{"minecraft:mined":{"minecraft:tuff":51,"minecraft:spruce_planks":2,"regions_unexplored:golden_larch_leaves":9,"minecraft:deepslate_diamond_ore":3,"minecraft:cyan_stained_glass":2,"regions_unexplored:larch_planks":5,"minecraft:glow_lichen":1,"minecraft:granite":9,"minecraft:grass_block":3,"minecraft:spruce_leaves":5,"regions_unexplored:raw_redstone_block":2,"minecraft:magma_block":2,"minecraft:redstone_ore":1,"regions_unexplored:pointed_redstone":2,"minecraft:furnace":5,"minecraft:fire":1,"minecraft:cobbled_deepslate":1,"minecraft:iron_ore":7,"minecraft:barrel":1,"minecraft:andesite":50,"minecraft:stripped_spruce_log":12,"regions_unexplored:frozen_grass":7,"regions_unexplored:larch_leaves":1,"minecraft:twisting_vines":1,"minecraft:iron_bars":2,"minecraft:lantern":1,"regions_unexplored:medium_grass":4,"regions_unexplored:larch_log":9,"minecraft:stone":280,"minecraft:spruce_slab":2,"villagersplus:spruce_horticulturist_table":1,"regions_unexplored:redstone_bulb":2,"minecraft:red_bed":2,"minecraft:twisting_vines_plant":1,"minecraft:smoker":1,"minecraft:basalt":1,"minecraft:crafting_table":4,"minecraft:copper_ore":2,"minecraft:cobblestone":14,"minecraft:diorite":1,"minecraft:wall_torch":3,"regions_unexplored:redstone_bud":10,"minecraft:lilac":2,"minecraft:spruce_log":26,"minecraft:oak_log":4,"minecraft:coal_ore":5,"minecraft:dirt":7,"minecraft:gold_ore":1,"minecraft:oak_leaves":3,"minecraft:deepslate":150,"regions_unexplored:larch_shrub":1},"minecraft:killed_by":{"goatman:goatman":2,"creation:creation":3,"last_of_us:runner":1},"minecraft:broken":{"bunker_down:brittle_pickaxe":1,"minecraft:leather_boots":1},"minecraft:custom":{"minecraft:mob_kills":5,"minecraft:interact_with_crafting_table":16,"minecraft:open_barrel":5,"minecraft:leave_game":2,"minecraft:time_since_death":5141,"minecraft:climb_one_cm":8858,"minecraft:sprint_one_cm":91072,"minecraft:walk_one_cm":103164,"minecraft:drop":25,"minecraft:talked_to_villager":3,"minecraft:play_time":65818,"minecraft:deaths":9,"minecraft:sneak_time":22441,"minecraft:walk_under_water_one_cm":9223,"minecraft:jump":495,"minecraft:walk_on_water_one_cm":9881,"minecraft:total_world_time":65818,"minecraft:interact_with_furnace":35,"minecraft:interact_with_cartography_table":1,"minecraft:sleep_in_bed":3,"minecraft:time_since_rest":5180,"minecraft:damage_taken":2067,"minecraft:damage_dealt":1576,"minecraft:swim_one_cm":4625,"minecraft:fly_one_cm":65942,"minecraft:open_chest":14,"minecraft:crouch_one_cm":61658,"minecraft:fall_one_cm":13222},"minecraft:crafted":{"minecraft:oak_planks":12,"minecraft:furnace":4,"regions_unexplored:larch_planks":36,"minecraft:stone_pickaxe":3,"minecraft:chest":1,"minecraft:diamond_sword":1,"minecraft:crafting_table":2,"minecraft:spruce_planks":44,"minecraft:wooden_pickaxe":1,"minecraft:copper_ingot":16,"minecraft:campfire":2,"minecraft:stone_axe":1,"minecraft:air":0,"minecraft:charcoal":10,"minecraft:diamond_pickaxe":2,"minecraft:stick":20,"minecraft:iron_ingot":35,"minecraft:iron_pickaxe":1,"minecraft:gold_ingot":9,"minecraft:torch":20},"minecraft:killed":{"minecraft:creeper":4},"minecraft:picked_up":{"regions_unexplored:pointed_redstone":4,"minecraft:charcoal":1,"minecraft:crafting_table":4,"regions_unexplored:larch_planks":53,"minecraft:red_bed":2,"minecraft:raw_copper":64,"minecraft:blue_orchid":1,"minecraft:cobbled_deepslate":156,"minecraft:spruce_planks":2,"villagersplus:spruce_horticulturist_table":1,"regions_unexplored:larch_log":9,"minecraft:spruce_slab":2,"minecraft:furnace":6,"minecraft:stick":9,"minecraft:raw_iron":116,"minecraft:torch":4,"minecraft:spruce_stairs":2,"regions_unexplored:raw_redstone_block":2,"minecraft:diorite":1,"minecraft:redstone":104,"minecraft:light_gray_bed":1,"minecraft:rotten_flesh":43,"regions_unexplored:redstone_bulb":1,"minecraft:pink_tulip":1,"minecraft:gold_ingot":1,"minecraft:iron_bars":1,"minecraft:cobblestone":248,"minecraft:snowball":2,"regions_unexplored:golden_larch_sapling":2,"regions_unexplored:peat_dirt":21,"minecraft:magma_block":3,"minecraft:basalt":1,"minecraft:lilac":2,"minecraft:andesite":49,"minecraft:fern":1,"minecraft:smoker":1,"minecraft:tuff":51,"minecraft:oak_log":4,"minecraft:gunpowder":3,"minecraft:dirt":11,"minecraft:lantern":1,"minecraft:twisting_vines":2,"minecraft:wheat_seeds":3,"minecraft:raw_gold":19,"minecraft:iron_ingot":5,"minecraft:sweet_berries":4,"minecraft:stripped_spruce_log":11,"minecraft:spruce_sapling":7,"minecraft:white_bed":1,"minecraft:spruce_log":25,"minecraft:barrel":1,"minecraft:light_gray_concrete":4,"minecraft:diamond":14,"minecraft:granite":9,"minecraft:oak_sapling":1,"minecraft:coal":208},"minecraft:used":{"minecraft:chest":1,"minecraft:torch":17,"minecraft:dirt":2,"bunker_down:brittle_pickaxe":21,"minecraft:magma_block":3,"regions_unexplored:larch_planks":15,"minecraft:sweet_berries":6,"minecraft:furnace":10,"minecraft:cobbled_deepslate":12,"minecraft:stone_pickaxe":192,"regions_unexplored:peat_dirt":16,"minecraft:wooden_pickaxe":19,"minecraft:crafting_table":6,"minecraft:red_bed":2,"minecraft:campfire":2,"minecraft:spruce_log":1,"minecraft:diamond_pickaxe":373,"minecraft:light_gray_concrete":4,"minecraft:bread":1,"minecraft:iron_pickaxe":4,"minecraft:stone_axe":85,"minecraft:diamond_sword":9,"minecraft:cobblestone":23,"minecraft:andesite":7},"minecraft:dropped":{"minecraft:wheat_seeds":2,"minecraft:lilac":2,"minecraft:cobblestone":70,"minecraft:spruce_stairs":1,"minecraft:leather_helmet":1,"minecraft:dirt":1,"minecraft:torch":1,"regions_unexplored:golden_larch_sapling":2,"minecraft:iron_pickaxe":1,"minecraft:chainmail_leggings":1,"minecraft:pink_tulip":1,"minecraft:twisting_vines":2,"minecraft:raw_iron":16,"minecraft:fern":1,"minecraft:chainmail_chestplate":1,"minecraft:diamond_pickaxe":1,"minecraft:chainmail_boots":1,"minecraft:blue_orchid":1,"minecraft:stone_pickaxe":3}},"DataVersion":3120}