{"stats":{"minecraft:mined":{"regions_unexplored:golden_larch_leaves":9,"minecraft:cobblestone":7,"regions_unexplored:larch_log":9,"regions_unexplored:larch_leaves":1,"minecraft:crafting_table":1},"minecraft:custom":{"minecraft:time_since_rest":2977,"minecraft:open_chest":3,"minecraft:crouch_one_cm":3792,"minecraft:play_time":6195,"minecraft:sprint_one_cm":12079,"minecraft:damage_taken":140,"minecraft:walk_one_cm":12605,"minecraft:sneak_time":1456,"minecraft:walk_under_water_one_cm":2796,"minecraft:drop":1,"minecraft:jump":45,"minecraft:leave_game":1,"minecraft:time_since_death":6195,"minecraft:walk_on_water_one_cm":906,"minecraft:sleep_in_bed":2,"minecraft:total_world_time":6195,"minecraft:climb_one_cm":6843,"minecraft:swim_one_cm":400,"minecraft:fall_one_cm":2106,"minecraft:fly_one_cm":9463},"minecraft:picked_up":{"minecraft:crafting_table":1,"minecraft:light_gray_bed":1,"regions_unexplored:larch_log":9,"minecraft:cobblestone":6,"regions_unexplored:golden_larch_sapling":1},"minecraft:used":{"bunker_down:brittle_pickaxe":7},"minecraft:dropped":{"regions_unexplored:golden_larch_sapling":1}},"DataVersion":3120}