{"stats":{"minecraft:mined":{"minecraft:magma_block":2,"regions_unexplored:golden_larch_leaves":9,"minecraft:furnace":2,"minecraft:red_bed":2,"minecraft:barrel":1,"minecraft:smoker":1,"regions_unexplored:larch_planks":3,"regions_unexplored:larch_leaves":1,"regions_unexplored:frozen_grass":3,"minecraft:crafting_table":2,"minecraft:grass_block":1,"minecraft:oak_log":1,"minecraft:cobblestone":7,"regions_unexplored:medium_grass":3,"regions_unexplored:larch_log":9,"minecraft:stone":2,"minecraft:oak_leaves":1},"minecraft:custom":{"minecraft:time_since_rest":803,"minecraft:interact_with_furnace":2,"minecraft:sprint_one_cm":45542,"minecraft:damage_taken":378,"minecraft:walk_one_cm":25339,"minecraft:drop":7,"minecraft:talked_to_villager":1,"minecraft:swim_one_cm":440,"minecraft:interact_with_crafting_table":1,"minecraft:fly_one_cm":35281,"minecraft:open_barrel":5,"minecraft:open_chest":3,"minecraft:crouch_one_cm":10018,"minecraft:play_time":17997,"minecraft:deaths":2,"minecraft:sneak_time":5373,"minecraft:walk_under_water_one_cm":3167,"minecraft:jump":187,"minecraft:leave_game":1,"minecraft:walk_on_water_one_cm":1327,"minecraft:time_since_death":4829,"minecraft:sleep_in_bed":3,"minecraft:total_world_time":17997,"minecraft:climb_one_cm":8475,"minecraft:fall_one_cm":4798},"minecraft:crafted":{"minecraft:furnace":1,"regions_unexplored:larch_planks":36},"minecraft:picked_up":{"minecraft:charcoal":1,"regions_unexplored:peat_dirt":21,"minecraft:magma_block":3,"minecraft:crafting_table":2,"regions_unexplored:larch_planks":39,"minecraft:sweet_berries":4,"minecraft:smoker":1,"minecraft:spruce_stairs":1,"minecraft:oak_log":1,"minecraft:white_bed":1,"minecraft:dirt":2,"minecraft:barrel":1,"minecraft:red_bed":2,"minecraft:light_gray_concrete":4,"minecraft:light_gray_bed":1,"minecraft:rotten_flesh":43,"minecraft:wheat_seeds":1,"regions_unexplored:larch_log":9,"minecraft:snowball":2,"regions_unexplored:golden_larch_sapling":2,"minecraft:cobblestone":9,"minecraft:furnace":2},"minecraft:used":{"minecraft:light_gray_concrete":4,"regions_unexplored:peat_dirt":16,"minecraft:dirt":1,"minecraft:magma_block":2,"regions_unexplored:larch_planks":13,"minecraft:sweet_berries":6,"minecraft:crafting_table":1,"minecraft:red_bed":1,"minecraft:furnace":2,"bunker_down:brittle_pickaxe":15},"minecraft:dropped":{"minecraft:dirt":1,"minecraft:wheat_seeds":1,"minecraft:chainmail_boots":1,"regions_unexplored:golden_larch_sapling":1,"minecraft:chainmail_leggings":1,"minecraft:leather_helmet":1,"minecraft:chainmail_chestplate":1}},"DataVersion":3120}