{"stats":{"minecraft:mined":{"regions_unexplored:tall_pink_bioshroom":1,"minecraft:tuff":55,"minecraft:spruce_planks":14,"regions_unexplored:golden_larch_leaves":9,"minecraft:mossy_cobblestone":2,"minecraft:deepslate_diamond_ore":3,"minecraft:cyan_stained_glass":2,"minecraft:brewing_stand":1,"minecraft:spruce_trapdoor":5,"regions_unexplored:larch_planks":6,"minecraft:glow_lichen":1,"minecraft:granite":9,"minecraft:grass_block":4,"minecraft:spruce_fence":3,"minecraft:brick_stairs":1,"minecraft:spruce_leaves":9,"regions_unexplored:raw_redstone_block":2,"regions_unexplored:blue_bioshroom_block":3,"minecraft:redstone_ore":1,"minecraft:magma_block":4,"regions_unexplored:pointed_redstone":2,"minecraft:furnace":10,"minecraft:iron_ore":7,"minecraft:barrel":1,"minecraft:fire":5,"minecraft:cobbled_deepslate":1,"minecraft:andesite":50,"minecraft:stripped_spruce_log":12,"minecraft:fletching_table":3,"regions_unexplored:frozen_grass":8,"regions_unexplored:larch_leaves":1,"minecraft:twisting_vines":1,"minecraft:bookshelf":4,"minecraft:iron_bars":2,"minecraft:lantern":1,"minecraft:light_gray_concrete":1,"minecraft:black_candle":1,"regions_unexplored:medium_grass":7,"regions_unexplored:larch_log":9,"regions_unexplored:small_oak_log":9,"minecraft:stone":281,"minecraft:spruce_slab":2,"minecraft:bone_block":4,"regions_unexplored:redstone_bulb":2,"villagersplus:spruce_horticulturist_table":1,"minecraft:gray_concrete":9,"minecraft:red_bed":2,"minecraft:twisting_vines_plant":1,"minecraft:smoker":1,"minecraft:basalt":1,"minecraft:crafting_table":5,"regions_unexplored:peat_mud":1,"minecraft:mushroom_stem":3,"minecraft:copper_ore":2,"minecraft:tall_grass":5,"minecraft:cobblestone":23,"graveyard:lying_skeleton":1,"minecraft:bricks":1,"minecraft:diorite":1,"minecraft:wall_torch":4,"minecraft:spruce_stairs":2,"regions_unexplored:redstone_bud":10,"minecraft:sweet_berry_bush":1,"minecraft:ice":7,"minecraft:lilac":2,"minecraft:spruce_log":54,"minecraft:grass":2,"minecraft:coal_ore":6,"minecraft:oak_log":6,"minecraft:gravel":33,"graveyard:leaning_skeleton":1,"minecraft:dirt":10,"minecraft:sand":14,"minecraft:cobweb":37,"graveyard:wither_bone_remains":1,"minecraft:gold_ore":1,"minecraft:oak_leaves":4,"minecraft:deepslate":150,"minecraft:fern":4,"regions_unexplored:larch_shrub":1},"minecraft:killed_by":{"endofherobrine:cow":2,"minecraft:player":2,"alexsmobs:snow_leopard":1,"goatman:goatman":3,"creation:creation":3,"last_of_us:runner":2,"man:managgresive":2,"last_of_us:bloater":1},"minecraft:custom":{"minecraft:mob_kills":21,"minecraft:interact_with_crafting_table":29,"minecraft:open_barrel":9,"minecraft:leave_game":4,"minecraft:time_since_death":3395,"minecraft:climb_one_cm":9193,"minecraft:sprint_one_cm":258974,"minecraft:walk_one_cm":216976,"minecraft:drop":60,"minecraft:talked_to_villager":48,"minecraft:play_time":125427,"minecraft:deaths":29,"minecraft:sneak_time":28661,"minecraft:walk_under_water_one_cm":35965,"minecraft:jump":1378,"minecraft:total_world_time":125427,"minecraft:walk_on_water_one_cm":28282,"minecraft:interact_with_furnace":37,"minecraft:interact_with_cartography_table":1,"minecraft:sleep_in_bed":8,"minecraft:time_since_rest":3434,"minecraft:damage_taken":5261,"minecraft:damage_dealt":3519,"minecraft:player_kills":2,"minecraft:swim_one_cm":30113,"minecraft:fly_one_cm":419383,"minecraft:open_chest":44,"minecraft:crouch_one_cm":75456,"minecraft:fall_one_cm":35878},"minecraft:broken":{"minecraft:leather_helmet":1,"bunker_down:brittle_pickaxe":1,"minecraft:leather_leggings":1,"minecraft:iron_chestplate":1,"minecraft:leather_boots":1},"minecraft:crafted":{"minecraft:oak_planks":44,"minecraft:iron_nugget":36,"minecraft:furnace":4,"regions_unexplored:larch_planks":36,"minecraft:bone_meal":30,"minecraft:diamond_shovel":1,"minecraft:stone_pickaxe":3,"minecraft:chest":4,"cgm:workbench":1,"minecraft:diamond_sword":1,"minecraft:diamond_axe":1,"minecraft:crafting_table":3,"minecraft:spruce_planks":152,"minecraft:wooden_pickaxe":1,"minecraft:gray_concrete_powder":8,"minecraft:copper_ingot":21,"minecraft:fletching_table":1,"minecraft:bucket":1,"minecraft:campfire":2,"minecraft:stone_axe":1,"minecraft:air":0,"minecraft:diamond_pickaxe":2,"minecraft:charcoal":10,"minecraft:white_dye":3,"minecraft:stick":184,"minecraft:iron_ingot":35,"minecraft:iron_pickaxe":1,"minecraft:gold_ingot":9,"minecraft:torch":100},"minecraft:killed":{"last_of_us:runner":4,"alexsmobs:snow_leopard":1,"minecraft:pig":1,"last_of_us:crawler":1,"minecraft:creeper":4,"last_of_us:stalker":1,"minecraft:sheep":1,"endofherobrine:cow":2,"minecraft:cow":5},"minecraft:picked_up":{"regions_unexplored:pointed_redstone":4,"minecraft:charcoal":1,"minecraft:crafting_table":5,"cgm:basic_bullet":262,"regions_unexplored:larch_planks":54,"minecraft:brewing_stand":1,"minecraft:string":33,"minecraft:red_bed":2,"minecraft:raw_copper":107,"moguns:trumpet":2,"minecraft:blue_orchid":1,"minecraft:cobbled_deepslate":156,"cgm:mini_gun":1,"minecraft:spruce_planks":12,"minecraft:beef":12,"villagersplus:spruce_horticulturist_table":1,"regions_unexplored:larch_log":9,"minecraft:spruce_slab":2,"minecraft:spruce_trapdoor":4,"minecraft:furnace":9,"minecraft:stick":16,"minecraft:raw_iron":116,"minecraft:torch":91,"minecraft:spruce_stairs":4,"minecraft:spruce_fence":3,"minecraft:porkchop":3,"regions_unexplored:raw_redstone_block":2,"minecraft:diorite":1,"minecraft:redstone":104,"regions_unexplored:pink_magnolia_sapling":5,"minecraft:light_gray_bed":1,"minecraft:rotten_flesh":46,"regions_unexplored:redstone_bulb":1,"minecraft:brick_stairs":1,"minecraft:pink_tulip":1,"minecraft:gold_ingot":1,"minecraft:bone_block":4,"minecraft:mutton":1,"minecraft:iron_bars":1,"minecraft:cobblestone":255,"minecraft:snowball":2,"minecraft:white_wool":1,"regions_unexplored:golden_larch_sapling":2,"regions_unexplored:peat_dirt":21,"minecraft:magma_block":4,"minecraft:basalt":2,"minecraft:lilac":2,"minecraft:andesite":49,"minecraft:leather":2,"minecraft:fern":1,"minecraft:smoker":1,"minecraft:red_mushroom":1,"minecraft:flint":2,"minecraft:tuff":55,"minecraft:oak_log":6,"minecraft:gunpowder":3,"minecraft:gray_concrete":9,"minecraft:dirt":17,"minecraft:blue_bed":4,"minecraft:lantern":1,"moguns:glock17":2,"minecraft:twisting_vines":2,"minecraft:bone":12,"minecraft:wheat_seeds":5,"minecraft:raw_gold":19,"minecraft:iron_ingot":5,"minecraft:fletching_table":2,"minecraft:book":12,"minecraft:black_candle":3,"minecraft:sweet_berries":4,"regions_unexplored:blue_bioshroom_block":2,"minecraft:gravel":31,"minecraft:sand":12,"minecraft:stripped_spruce_log":11,"minecraft:spruce_sapling":7,"minecraft:white_bed":1,"minecraft:spruce_log":52,"minecraft:spruce_door":1,"minecraft:barrel":1,"minecraft:mossy_cobblestone":3,"minecraft:light_gray_concrete":5,"minecraft:diamond":14,"minecraft:granite":9,"minecraft:emerald":4,"minecraft:oak_sapling":1,"minecraft:bricks":1,"moguns:9x19":270,"minecraft:coal":245,"regions_unexplored:small_oak_log":8},"minecraft:used":{"graveyard:wither_bone_remains":1,"minecraft:chest":2,"minecraft:spruce_planks":21,"minecraft:torch":155,"minecraft:dirt":2,"cgm:workbench":1,"moguns:glock17":60,"bunker_down:brittle_pickaxe":21,"minecraft:tuff":11,"regions_unexplored:blue_bioshroom_block":1,"minecraft:lava_bucket":7,"minecraft:gray_concrete_powder":8,"minecraft:magma_block":3,"minecraft:beef":1,"regions_unexplored:larch_planks":15,"minecraft:sweet_berries":6,"minecraft:furnace":13,"minecraft:cobbled_deepslate":19,"minecraft:stone_pickaxe":192,"minecraft:oak_planks":2,"regions_unexplored:peat_dirt":16,"minecraft:wooden_pickaxe":19,"minecraft:fletching_table":3,"minecraft:blue_bed":4,"minecraft:diamond_axe":58,"minecraft:red_bed":2,"minecraft:crafting_table":8,"minecraft:campfire":2,"minecraft:gray_concrete":1,"minecraft:spruce_log":1,"minecraft:diamond_pickaxe":428,"minecraft:diamond_shovel":45,"minecraft:iron_pickaxe":4,"minecraft:bread":2,"minecraft:light_gray_concrete":5,"minecraft:gravel":29,"minecraft:stone_axe":114,"minecraft:diamond_sword":90,"minecraft:cobblestone":90,"minecraft:porkchop":3,"minecraft:andesite":7,"minecraft:bucket":6,"minecraft:black_candle":3,"cgm:mini_gun":150},"minecraft:dropped":{"minecraft:iron_ingot":1,"minecraft:wheat_seeds":2,"moguns:trumpet":1,"minecraft:lilac":2,"minecraft:mossy_cobblestone":1,"regions_unexplored:larch_planks":13,"cgm:mini_gun":1,"minecraft:cobblestone":70,"minecraft:spruce_stairs":1,"minecraft:leather_helmet":1,"minecraft:red_mushroom":1,"minecraft:stick":5,"moguns:glock17":1,"minecraft:lava_bucket":1,"minecraft:dirt":3,"minecraft:gray_concrete":8,"minecraft:diorite":1,"minecraft:torch":1,"moguns:9x19":64,"minecraft:map":7,"regions_unexplored:golden_larch_sapling":2,"minecraft:gold_nugget":1,"minecraft:bone_meal":27,"minecraft:iron_pickaxe":1,"minecraft:chainmail_leggings":1,"minecraft:bucket":1,"minecraft:gray_dye":4,"regions_unexplored:redstone_bulb":1,"minecraft:pink_tulip":1,"minecraft:bone":5,"minecraft:cobbled_deepslate":73,"minecraft:twisting_vines":2,"minecraft:raw_iron":16,"minecraft:fern":1,"minecraft:spruce_fence":2,"minecraft:chainmail_chestplate":1,"cgm:basic_bullet":12,"minecraft:spruce_trapdoor":2,"regions_unexplored:blue_bioshroom_block":1,"minecraft:spruce_planks":5,"minecraft:diamond_pickaxe":1,"minecraft:chainmail_boots":1,"minecraft:basalt":2,"minecraft:iron_bars":65,"minecraft:blue_orchid":1,"minecraft:stone_pickaxe":3,"minecraft:wooden_pickaxe":1}},"DataVersion":3120}