{"stats":{"minecraft:mined":{"minecraft:tuff":51,"minecraft:spruce_planks":2,"regions_unexplored:golden_larch_leaves":9,"minecraft:deepslate_diamond_ore":3,"minecraft:cyan_stained_glass":2,"minecraft:brewing_stand":1,"regions_unexplored:larch_planks":5,"minecraft:glow_lichen":1,"minecraft:granite":9,"minecraft:grass_block":3,"minecraft:spruce_leaves":5,"regions_unexplored:raw_redstone_block":2,"minecraft:magma_block":2,"minecraft:redstone_ore":1,"regions_unexplored:pointed_redstone":2,"minecraft:furnace":9,"minecraft:fire":5,"minecraft:cobbled_deepslate":1,"minecraft:iron_ore":7,"minecraft:barrel":1,"minecraft:andesite":50,"minecraft:stripped_spruce_log":12,"regions_unexplored:frozen_grass":8,"regions_unexplored:larch_leaves":1,"minecraft:twisting_vines":1,"minecraft:iron_bars":2,"minecraft:lantern":1,"regions_unexplored:medium_grass":4,"regions_unexplored:larch_log":9,"minecraft:stone":280,"minecraft:spruce_slab":2,"villagersplus:spruce_horticulturist_table":1,"regions_unexplored:redstone_bulb":2,"minecraft:red_bed":2,"minecraft:twisting_vines_plant":1,"minecraft:smoker":1,"minecraft:basalt":1,"minecraft:crafting_table":5,"minecraft:copper_ore":2,"minecraft:cobblestone":14,"minecraft:diorite":1,"minecraft:wall_torch":4,"regions_unexplored:redstone_bud":10,"minecraft:ice":7,"minecraft:lilac":2,"minecraft:spruce_log":26,"minecraft:grass":1,"minecraft:oak_log":4,"minecraft:coal_ore":5,"minecraft:sand":7,"minecraft:dirt":7,"minecraft:gold_ore":1,"minecraft:oak_leaves":3,"minecraft:deepslate":150,"regions_unexplored:larch_shrub":1},"minecraft:killed_by":{"alexsmobs:snow_leopard":1,"goatman:goatman":2,"creation:creation":3,"last_of_us:runner":1,"last_of_us:bloater":1},"minecraft:custom":{"minecraft:mob_kills":6,"minecraft:interact_with_crafting_table":17,"minecraft:open_barrel":5,"minecraft:leave_game":2,"minecraft:time_since_death":1214,"minecraft:climb_one_cm":9193,"minecraft:sprint_one_cm":141538,"minecraft:walk_one_cm":117947,"minecraft:drop":36,"minecraft:talked_to_villager":4,"minecraft:play_time":77818,"minecraft:deaths":14,"minecraft:sneak_time":24683,"minecraft:walk_under_water_one_cm":12492,"minecraft:jump":862,"minecraft:walk_on_water_one_cm":10628,"minecraft:total_world_time":77818,"minecraft:interact_with_furnace":37,"minecraft:interact_with_cartography_table":1,"minecraft:sleep_in_bed":3,"minecraft:time_since_rest":1238,"minecraft:damage_taken":2612,"minecraft:damage_dealt":1939,"minecraft:swim_one_cm":4839,"minecraft:fly_one_cm":165089,"minecraft:open_chest":16,"minecraft:crouch_one_cm":64301,"minecraft:fall_one_cm":23383},"minecraft:broken":{"minecraft:leather_helmet":1,"bunker_down:brittle_pickaxe":1,"minecraft:leather_leggings":1,"minecraft:leather_boots":1},"minecraft:crafted":{"minecraft:oak_planks":12,"minecraft:furnace":4,"regions_unexplored:larch_planks":36,"minecraft:stone_pickaxe":3,"minecraft:chest":1,"minecraft:diamond_sword":1,"minecraft:crafting_table":3,"minecraft:spruce_planks":44,"minecraft:wooden_pickaxe":1,"minecraft:copper_ingot":21,"minecraft:bucket":1,"minecraft:campfire":2,"minecraft:stone_axe":1,"minecraft:air":0,"minecraft:charcoal":10,"minecraft:diamond_pickaxe":2,"minecraft:stick":20,"minecraft:iron_ingot":35,"minecraft:iron_pickaxe":1,"minecraft:gold_ingot":9,"minecraft:torch":20},"minecraft:killed":{"alexsmobs:snow_leopard":1,"minecraft:creeper":4},"minecraft:picked_up":{"regions_unexplored:pointed_redstone":4,"minecraft:charcoal":1,"minecraft:crafting_table":5,"regions_unexplored:larch_planks":53,"minecraft:brewing_stand":1,"minecraft:red_bed":2,"minecraft:raw_copper":107,"minecraft:blue_orchid":1,"minecraft:cobbled_deepslate":156,"minecraft:spruce_planks":2,"villagersplus:spruce_horticulturist_table":1,"regions_unexplored:larch_log":9,"minecraft:spruce_slab":2,"minecraft:furnace":8,"minecraft:stick":10,"minecraft:raw_iron":116,"minecraft:torch":5,"minecraft:spruce_stairs":2,"regions_unexplored:raw_redstone_block":2,"minecraft:diorite":1,"minecraft:redstone":104,"minecraft:light_gray_bed":1,"minecraft:rotten_flesh":43,"regions_unexplored:redstone_bulb":1,"minecraft:pink_tulip":1,"minecraft:gold_ingot":1,"minecraft:iron_bars":1,"minecraft:cobblestone":248,"minecraft:snowball":2,"regions_unexplored:golden_larch_sapling":2,"regions_unexplored:peat_dirt":21,"minecraft:magma_block":3,"minecraft:basalt":2,"minecraft:lilac":2,"minecraft:andesite":49,"minecraft:fern":1,"minecraft:smoker":1,"minecraft:tuff":51,"minecraft:oak_log":4,"minecraft:gunpowder":3,"minecraft:dirt":13,"minecraft:lantern":1,"minecraft:twisting_vines":2,"minecraft:wheat_seeds":3,"minecraft:raw_gold":19,"minecraft:iron_ingot":5,"minecraft:sweet_berries":4,"minecraft:sand":7,"minecraft:stripped_spruce_log":11,"minecraft:spruce_sapling":7,"minecraft:white_bed":1,"minecraft:spruce_log":25,"minecraft:barrel":1,"minecraft:light_gray_concrete":4,"minecraft:diamond":14,"minecraft:granite":9,"minecraft:oak_sapling":1,"minecraft:coal":237},"minecraft:used":{"minecraft:chest":1,"minecraft:torch":19,"minecraft:dirt":2,"bunker_down:brittle_pickaxe":21,"minecraft:lava_bucket":5,"minecraft:magma_block":3,"regions_unexplored:larch_planks":15,"minecraft:sweet_berries":6,"minecraft:furnace":10,"minecraft:cobbled_deepslate":19,"minecraft:stone_pickaxe":192,"regions_unexplored:peat_dirt":16,"minecraft:wooden_pickaxe":19,"minecraft:crafting_table":7,"minecraft:red_bed":2,"minecraft:campfire":2,"minecraft:spruce_log":1,"minecraft:diamond_pickaxe":389,"minecraft:light_gray_concrete":4,"minecraft:bread":2,"minecraft:iron_pickaxe":4,"minecraft:stone_axe":85,"minecraft:diamond_sword":15,"minecraft:cobblestone":35,"minecraft:bucket":5,"minecraft:andesite":7},"minecraft:dropped":{"minecraft:wheat_seeds":2,"minecraft:lilac":2,"minecraft:cobblestone":70,"minecraft:spruce_stairs":1,"minecraft:leather_helmet":1,"minecraft:stick":2,"minecraft:lava_bucket":1,"minecraft:dirt":1,"minecraft:diorite":1,"minecraft:torch":1,"regions_unexplored:golden_larch_sapling":2,"minecraft:gold_nugget":1,"minecraft:iron_pickaxe":1,"minecraft:chainmail_leggings":1,"minecraft:bucket":1,"regions_unexplored:redstone_bulb":1,"minecraft:pink_tulip":1,"minecraft:cobbled_deepslate":73,"minecraft:twisting_vines":2,"minecraft:raw_iron":16,"minecraft:fern":1,"minecraft:chainmail_chestplate":1,"minecraft:diamond_pickaxe":1,"minecraft:chainmail_boots":1,"minecraft:basalt":2,"minecraft:blue_orchid":1,"minecraft:stone_pickaxe":3}},"DataVersion":3120}