{"stats":{"minecraft:mined":{"minecraft:dead_bush":7,"minecraft:white_stained_glass":5,"minecraft:red_bed":1,"minecraft:moss_block":1,"minecraft:crafting_table":1,"minecraft:green_bed":1,"minecraft:light_blue_stained_glass":2},"minecraft:custom":{"minecraft:open_barrel":17,"minecraft:time_since_rest":4570,"minecraft:crouch_one_cm":1298,"minecraft:play_time":14060,"minecraft:sprint_one_cm":65380,"minecraft:damage_taken":20,"minecraft:walk_one_cm":47630,"minecraft:sneak_time":393,"minecraft:drop":7,"minecraft:jump":124,"minecraft:leave_game":2,"minecraft:time_since_death":14060,"minecraft:climb_one_cm":1340,"minecraft:sleep_in_bed":1,"minecraft:total_world_time":14060,"minecraft:interact_with_smoker":1,"minecraft:fall_one_cm":1871,"minecraft:fly_one_cm":20027},"minecraft:picked_up":{"minecraft:crafting_table":1,"minecraft:stick":7,"minecraft:red_bed":1},"minecraft:dropped":{"minecraft:leather_leggings":1,"minecraft:cooked_beef":8,"minecraft:chainmail_leggings":1,"minecraft:iron_chestplate":1,"minecraft:leather_helmet":1,"minecraft:leather_boots":1,"minecraft:chainmail_boots":1},"minecraft:used":{"minecraft:red_bed":1,"alexsmobs:animal_dictionary":1,"minecraft:cooked_beef":1,"minecraft:cobweb":17}},"DataVersion":3120}